-- Seed data generated from CSV files

INSERT INTO users (id, email, name, avatar_url, created_at, updated_at) VALUES
('test-user-1', 'test1@example.com', 'テストユーザー1', NULL, 1769533206, 1769533206),
('test-user-2', 'test2@example.com', 'テストユーザー2', NULL, 1769533206, 1769533206),
('test-admin', 'admin@example.com', '管理者テスト', NULL, 1769533206, 1769533206);

INSERT INTO subjects (id, name, description, display_order, created_at, updated_at) VALUES
('subject-corporate', '企業法', NULL, 3, 1769533206, 1769533206),
('subject-civil', '民法', NULL, 7, 1769533206, 1769533206),
('subject-audit', '監査論', NULL, 2, 1769533206, 1769533206),
('subject-tax', '租税法', NULL, 4, 1769533206, 1769533206),
('subject-management', '管理会計論', NULL, 1, 1769533206, 1769533206),
('subject-business', '経営学', NULL, 5, 1769533206, 1769533206),
('subject-economics', '経済学', NULL, 6, 1769533206, 1769533206),
('subject-financial', '財務会計論', NULL, 0, 1769533206, 1769533206);

INSERT INTO categories (id, subject_id, name, depth, parent_id, display_order, created_at, updated_at) VALUES
('95af19ca-74af-41fa-9021-b27fe1edf5b3', 'subject-corporate', '会社法', 1, NULL, 0, 1769533206, 1769533206),
('a1f5b41a-adf9-42b2-965b-35c63cdc224c', 'subject-corporate', '総論・総則', 2, '95af19ca-74af-41fa-9021-b27fe1edf5b3', 0, 1769533206, 1769533206),
('8e41feff-888c-47f5-b834-582f65db1f2b', 'subject-corporate', '株式会社の設立', 2, '95af19ca-74af-41fa-9021-b27fe1edf5b3', 1, 1769533206, 1769533206),
('c84d8ecf-c026-4aae-8c74-ef5163a98258', 'subject-corporate', '株式・新株予約権', 2, '95af19ca-74af-41fa-9021-b27fe1edf5b3', 2, 1769533206, 1769533206),
('cbd31531-2f49-41d7-a419-81901d192ad8', 'subject-corporate', '株式会社の機関', 2, '95af19ca-74af-41fa-9021-b27fe1edf5b3', 3, 1769533206, 1769533206),
('54047b34-d952-4853-b482-1f4469e2a442', 'subject-corporate', '株式会社の計算', 2, '95af19ca-74af-41fa-9021-b27fe1edf5b3', 4, 1769533206, 1769533206),
('adcac667-1c6e-4cce-a439-b4ff80bdb69b', 'subject-corporate', '持分会社', 2, '95af19ca-74af-41fa-9021-b27fe1edf5b3', 5, 1769533206, 1769533206),
('feeeee1e-7395-47c7-b01f-2902d4017ff9', 'subject-corporate', '社債', 2, '95af19ca-74af-41fa-9021-b27fe1edf5b3', 6, 1769533206, 1769533206),
('0e2d9bcd-abf8-44ce-8543-495937a5cfe0', 'subject-corporate', '組織変更・組織再編等', 2, '95af19ca-74af-41fa-9021-b27fe1edf5b3', 7, 1769533206, 1769533206),
('b2239401-88e9-400d-bf98-3e2e8d624856', 'subject-corporate', '外国会社', 2, '95af19ca-74af-41fa-9021-b27fe1edf5b3', 8, 1769533206, 1769533206),
('81b45149-af1c-4653-bb94-6ee982cb9b76', 'subject-corporate', '定款変更・解散・清算等', 2, '95af19ca-74af-41fa-9021-b27fe1edf5b3', 9, 1769533206, 1769533206),
('8dd5cbe5-3437-4cba-817f-f531b1fae5bf', 'subject-corporate', '商法', 1, NULL, 1, 1769533206, 1769533206),
('44cb7d14-2bc7-456c-b6d5-5dcea9bb0e96', 'subject-corporate', '総論', 2, '8dd5cbe5-3437-4cba-817f-f531b1fae5bf', 10, 1769533206, 1769533206),
('3cc2f385-4939-4516-9d77-35ce03309f10', 'subject-corporate', '商人・商行為', 2, '8dd5cbe5-3437-4cba-817f-f531b1fae5bf', 11, 1769533206, 1769533206),
('2db7a50c-236e-46fc-8ef8-c9b56a90f042', 'subject-corporate', '金融商品取引法', 1, NULL, 2, 1769533206, 1769533206),
('4a13c2ac-8687-49d9-8462-7b326ae9ee9d', 'subject-corporate', '総則', 2, '2db7a50c-236e-46fc-8ef8-c9b56a90f042', 12, 1769533206, 1769533206),
('7ae385b9-5e68-4c36-8451-bbc0045d4487', 'subject-corporate', '企業内容等の開示', 2, '2db7a50c-236e-46fc-8ef8-c9b56a90f042', 13, 1769533206, 1769533206),
('53fb94a5-a916-4689-8873-2306d744134a', 'subject-corporate', '公開買付けに関する開示', 2, '2db7a50c-236e-46fc-8ef8-c9b56a90f042', 14, 1769533206, 1769533206),
('d939a1ef-5d2d-4782-96da-3a053346bee6', 'subject-corporate', '株券等の大量保有の状況に関する開示', 2, '2db7a50c-236e-46fc-8ef8-c9b56a90f042', 15, 1769533206, 1769533206),
('642fb83d-11f5-42c9-89a4-79706a6735eb', 'subject-corporate', '開示用電子情報処理組織による手続の特例等', 2, '2db7a50c-236e-46fc-8ef8-c9b56a90f042', 16, 1769533206, 1769533206),
('0ad8ee3e-11a7-4104-9b96-b734fdde6516', 'subject-corporate', '特定証券情報等の提供又は公表', 2, '2db7a50c-236e-46fc-8ef8-c9b56a90f042', 17, 1769533206, 1769533206),
('e71a76cf-b395-4518-9b12-fd2c034364e8', 'subject-corporate', '開示に関する責任', 2, '2db7a50c-236e-46fc-8ef8-c9b56a90f042', 18, 1769533206, 1769533206),
('d18327ee-99ba-4069-bd35-0bb2969ca436', 'subject-civil', '民法通則', 1, NULL, 0, 1769533206, 1769533206),
('94822094-72c2-4679-bf53-ed5b8904afe1', 'subject-civil', '民法における基本原理', 2, 'd18327ee-99ba-4069-bd35-0bb2969ca436', 0, 1769533206, 1769533206),
('639236ea-d555-43a7-be7e-201f70985253', 'subject-civil', '民法における基本原則', 2, 'd18327ee-99ba-4069-bd35-0bb2969ca436', 1, 1769533206, 1769533206),
('119d4d51-770c-4361-9ec0-7a643be34364', 'subject-civil', '民法総則', 1, NULL, 1, 1769533206, 1769533206),
('5ba94742-991e-405e-b55f-8d572bccde67', 'subject-civil', '権利の主体', 2, '119d4d51-770c-4361-9ec0-7a643be34364', 2, 1769533206, 1769533206),
('560358f3-81a7-4038-889b-84c001f82298', 'subject-civil', '権利の客体', 2, '119d4d51-770c-4361-9ec0-7a643be34364', 3, 1769533206, 1769533206),
('4b64dedb-311a-4501-9d1a-f063c5d45710', 'subject-civil', '法律行為の内容及び効力', 2, '119d4d51-770c-4361-9ec0-7a643be34364', 4, 1769533206, 1769533206),
('82931c56-f6db-4091-bfc2-f33c97ebe97b', 'subject-civil', '代理', 2, '119d4d51-770c-4361-9ec0-7a643be34364', 5, 1769533206, 1769533206),
('243d7955-6cc6-4270-bf13-4de2f8baf1b4', 'subject-civil', '時効', 2, '119d4d51-770c-4361-9ec0-7a643be34364', 6, 1769533206, 1769533206),
('81d90a4e-0b3f-42de-a195-8346cd1300fa', 'subject-civil', '物権', 1, NULL, 2, 1769533206, 1769533206),
('4a235d63-453c-48f6-ac1c-4cfa34052d7b', 'subject-civil', '物権', 2, '81d90a4e-0b3f-42de-a195-8346cd1300fa', 7, 1769533206, 1769533206),
('a1726ec3-1142-4cd0-97c4-a7d2b1c058b0', 'subject-civil', '物権変動', 2, '81d90a4e-0b3f-42de-a195-8346cd1300fa', 8, 1769533206, 1769533206),
('bbe5084c-ea60-4941-bf8d-e5eb79188944', 'subject-civil', '占有権', 2, '81d90a4e-0b3f-42de-a195-8346cd1300fa', 9, 1769533206, 1769533206),
('913e0b73-aa7c-45d7-af95-8d985190f93d', 'subject-civil', '所有権', 2, '81d90a4e-0b3f-42de-a195-8346cd1300fa', 10, 1769533206, 1769533206),
('438913ad-a400-4d3d-9c0a-c618ea18ad8f', 'subject-civil', '用益物権', 2, '81d90a4e-0b3f-42de-a195-8346cd1300fa', 11, 1769533206, 1769533206),
('6a0966e9-3985-4bec-ae50-0a5b44190440', 'subject-civil', '担保物権', 1, NULL, 3, 1769533206, 1769533206),
('c29af28d-3417-4dfb-8dfa-af6de487b7be', 'subject-civil', '法定担保物権', 2, '6a0966e9-3985-4bec-ae50-0a5b44190440', 12, 1769533206, 1769533206),
('4458d2b3-922d-4274-8f5b-32c336c8b2d3', 'subject-civil', '約定担保物権', 2, '6a0966e9-3985-4bec-ae50-0a5b44190440', 13, 1769533206, 1769533206),
('690d1065-76b8-412a-b113-c560242cc4cf', 'subject-civil', '非典型担保', 2, '6a0966e9-3985-4bec-ae50-0a5b44190440', 14, 1769533206, 1769533206),
('8168b788-81b9-4312-9e0f-a9cc7830bafb', 'subject-civil', '債権', 1, NULL, 4, 1769533206, 1769533206),
('ed551b07-fac2-4491-8618-a5b6c08c97f0', 'subject-civil', '債権の目的', 2, '8168b788-81b9-4312-9e0f-a9cc7830bafb', 15, 1769533206, 1769533206),
('076cebe8-0958-4fa0-a3a1-66f591d91104', 'subject-civil', '債権の効力', 2, '8168b788-81b9-4312-9e0f-a9cc7830bafb', 16, 1769533206, 1769533206),
('6d6674dd-32bc-4141-bea6-a41621cab3c4', 'subject-civil', '債権者代位権・詐害行為取消権', 2, '8168b788-81b9-4312-9e0f-a9cc7830bafb', 17, 1769533206, 1769533206),
('6493651c-a618-4c5e-be22-a03be592db17', 'subject-civil', '多数当事者の債権・債務', 2, '8168b788-81b9-4312-9e0f-a9cc7830bafb', 18, 1769533206, 1769533206),
('8d8ac61f-6ad2-4704-8c32-1aa914856f11', 'subject-civil', '債権譲渡・債務引受', 2, '8168b788-81b9-4312-9e0f-a9cc7830bafb', 19, 1769533206, 1769533206),
('15ba8277-8b44-4ea0-a3de-b0ce4f5b8b1b', 'subject-civil', '債権の消滅', 2, '8168b788-81b9-4312-9e0f-a9cc7830bafb', 20, 1769533206, 1769533206),
('bec38e62-679c-49e7-b65e-708095eb2fed', 'subject-civil', '有価証券', 2, '8168b788-81b9-4312-9e0f-a9cc7830bafb', 21, 1769533206, 1769533206),
('1aafdc02-33db-4023-9e91-d5e2fffd709a', 'subject-civil', '契約', 1, NULL, 5, 1769533206, 1769533206);

INSERT INTO categories (id, subject_id, name, depth, parent_id, display_order, created_at, updated_at) VALUES
('66d24ece-1af0-4208-a780-8b0e7dcf52dc', 'subject-civil', '契約の成立', 2, '1aafdc02-33db-4023-9e91-d5e2fffd709a', 22, 1769533206, 1769533206),
('eefbd431-6c7f-46dc-b5d3-ddd449e275ab', 'subject-civil', '契約の効力', 2, '1aafdc02-33db-4023-9e91-d5e2fffd709a', 23, 1769533206, 1769533206),
('e84d1dd9-6bed-413b-b207-529ace61a548', 'subject-civil', '契約の解除', 2, '1aafdc02-33db-4023-9e91-d5e2fffd709a', 24, 1769533206, 1769533206),
('584e57df-3847-4409-a0eb-2e83b90a9f56', 'subject-civil', '定型約款', 2, '1aafdc02-33db-4023-9e91-d5e2fffd709a', 25, 1769533206, 1769533206),
('a71d0569-3f44-4c18-a708-db26651bc45b', 'subject-civil', '各種の契約とその効力', 2, '1aafdc02-33db-4023-9e91-d5e2fffd709a', 26, 1769533206, 1769533206),
('ef9977ed-6e64-4f71-a2e4-0ee61617eb71', 'subject-civil', '法定債権関係', 1, NULL, 6, 1769533206, 1769533206),
('42880a1b-7ce8-494c-ae6c-0a6b7ff815db', 'subject-civil', '事務管理', 2, 'ef9977ed-6e64-4f71-a2e4-0ee61617eb71', 27, 1769533206, 1769533206),
('147318aa-cc3c-43f4-910b-8c1d5251c800', 'subject-civil', '不当利得', 2, 'ef9977ed-6e64-4f71-a2e4-0ee61617eb71', 28, 1769533206, 1769533206),
('44d78627-c58d-4be3-bf9d-47f163470bff', 'subject-civil', '不法行為', 2, 'ef9977ed-6e64-4f71-a2e4-0ee61617eb71', 29, 1769533206, 1769533206),
('93ea13c3-b9f5-4535-9898-1471fc7fccc5', 'subject-audit', '公認会計士監査の基礎', 1, NULL, 0, 1769533206, 1769533206),
('38e0ff8d-479d-44e8-83c1-e38a1596f6a3', 'subject-audit', '公認会計士監査の意義', 2, '93ea13c3-b9f5-4535-9898-1471fc7fccc5', 0, 1769533206, 1769533206),
('c9fa32c3-695c-443a-b0da-38583f5b9817', 'subject-audit', '公認会計士監査をめぐる基礎的理論', 2, '93ea13c3-b9f5-4535-9898-1471fc7fccc5', 1, 1769533206, 1769533206),
('7e7b6d3d-5d9a-4eaf-a3fb-c37e1950b175', 'subject-audit', '監査人としての要件と職業倫理', 2, '93ea13c3-b9f5-4535-9898-1471fc7fccc5', 2, 1769533206, 1769533206),
('e3d059db-455a-41a8-b284-520494ff7345', 'subject-audit', '関連法規', 2, '93ea13c3-b9f5-4535-9898-1471fc7fccc5', 3, 1769533206, 1769533206),
('71a5c2f1-ac51-4da2-a55f-d664445956a6', 'subject-audit', '監査基準', 1, NULL, 1, 1769533206, 1769533206),
('1fbcea2b-21f3-4f23-ab41-2b0230f4a519', 'subject-audit', '監査基準の意義', 2, '71a5c2f1-ac51-4da2-a55f-d664445956a6', 4, 1769533206, 1769533206),
('0472dcca-fd63-467d-8fbf-bbce8cdca1b3', 'subject-audit', '監査の目的', 2, '71a5c2f1-ac51-4da2-a55f-d664445956a6', 5, 1769533206, 1769533206),
('cf441177-a09e-4761-9ce4-606677dc7c1c', 'subject-audit', '一般基準', 2, '71a5c2f1-ac51-4da2-a55f-d664445956a6', 6, 1769533206, 1769533206),
('e5ac673a-a384-43b6-be26-6f9cfd3fcc6b', 'subject-audit', '実施基準', 2, '71a5c2f1-ac51-4da2-a55f-d664445956a6', 7, 1769533206, 1769533206),
('950aaace-fa83-4dd2-ae80-99f76ecc05d7', 'subject-audit', '報告基準', 2, '71a5c2f1-ac51-4da2-a55f-d664445956a6', 8, 1769533206, 1769533206),
('76ffb72b-99c6-4ab7-a5f4-e67af8ea9b0b', 'subject-audit', 'その他', 2, '71a5c2f1-ac51-4da2-a55f-d664445956a6', 9, 1769533206, 1769533206),
('3d880c86-69df-4d2f-8d95-15d4c4f864b5', 'subject-audit', '中間監査基準', 1, NULL, 2, 1769533206, 1769533206),
('f3d163c8-bacc-4b50-a974-580e844a5fd9', 'subject-audit', '中間監査の意義', 2, '3d880c86-69df-4d2f-8d95-15d4c4f864b5', 10, 1769533206, 1769533206),
('2b7ba712-b836-4c87-a0cb-063cc38d085a', 'subject-audit', '実施基準', 2, '3d880c86-69df-4d2f-8d95-15d4c4f864b5', 11, 1769533206, 1769533206),
('b13bd79e-7ec2-4979-ae2d-d96edb398e6b', 'subject-audit', '報告基準', 2, '3d880c86-69df-4d2f-8d95-15d4c4f864b5', 12, 1769533206, 1769533206),
('02064d62-bb55-440d-b681-9aed4323308f', 'subject-audit', '期中レビュー基準', 1, NULL, 3, 1769533206, 1769533206),
('8d0c0765-869c-4338-8045-7f7880bbb28c', 'subject-audit', '期中レビューの意義', 2, '02064d62-bb55-440d-b681-9aed4323308f', 13, 1769533206, 1769533206),
('712a1d61-0ca8-4fed-9a86-c65eb662cc27', 'subject-audit', '実施基準', 2, '02064d62-bb55-440d-b681-9aed4323308f', 14, 1769533206, 1769533206),
('07f33625-bac7-4ced-8617-0be9d8af81ca', 'subject-audit', '報告基準', 2, '02064d62-bb55-440d-b681-9aed4323308f', 15, 1769533206, 1769533206),
('cad9cf94-4810-47f2-ab5b-435f12d6edfb', 'subject-audit', '監査に関する品質管理基準', 1, NULL, 4, 1769533206, 1769533206),
('bfc9951f-89d7-470b-8dae-cd7e035a0363', 'subject-audit', '品質管理の意義', 2, 'cad9cf94-4810-47f2-ab5b-435f12d6edfb', 16, 1769533206, 1769533206),
('89196668-f18c-47cb-bf54-33615dbc72c4', 'subject-audit', '品質管理システムの整備及び運用', 2, 'cad9cf94-4810-47f2-ab5b-435f12d6edfb', 17, 1769533206, 1769533206),
('3fbc295e-11f5-4e68-82e2-a5d73c9093e2', 'subject-audit', '品質管理システムの構成', 2, 'cad9cf94-4810-47f2-ab5b-435f12d6edfb', 18, 1769533206, 1769533206),
('d8b7db53-4e71-43ac-928d-e1c072fd15b9', 'subject-audit', '共同監査', 2, 'cad9cf94-4810-47f2-ab5b-435f12d6edfb', 19, 1769533206, 1769533206),
('9bcfd49d-8421-4207-9e1d-93e30eeed0ec', 'subject-audit', '財務情報等に係る保証業務', 1, NULL, 5, 1769533206, 1769533206),
('2dc3dbd9-2a14-44ad-ba0a-c267ed33cacf', 'subject-audit', '保証業務の意義', 2, '9bcfd49d-8421-4207-9e1d-93e30eeed0ec', 20, 1769533206, 1769533206),
('48baf3bf-92eb-463e-8886-ab7dba87580d', 'subject-audit', '保証業務の要素', 2, '9bcfd49d-8421-4207-9e1d-93e30eeed0ec', 21, 1769533206, 1769533206),
('95237f13-be54-4c33-b5e2-4ff5aecf6b1c', 'subject-tax', '法人税法', 1, NULL, 0, 1769533206, 1769533206),
('3ef715ec-450c-496d-8996-e1cd5efb9730', 'subject-tax', '納税義務者', 2, '95237f13-be54-4c33-b5e2-4ff5aecf6b1c', 0, 1769533206, 1769533206),
('da3ad24e-080d-4e76-ae2d-fc58efc87cb2', 'subject-tax', '課税所得の計算', 2, '95237f13-be54-4c33-b5e2-4ff5aecf6b1c', 1, 1769533206, 1769533206),
('b45ac812-d0ac-4299-9bd9-b82a3d175ba4', 'subject-tax', '益金の額の計算', 2, '95237f13-be54-4c33-b5e2-4ff5aecf6b1c', 2, 1769533206, 1769533206),
('5ad285e3-1e2a-4ea6-9703-6e3b27de1aaf', 'subject-tax', '損金の額の計算', 2, '95237f13-be54-4c33-b5e2-4ff5aecf6b1c', 3, 1769533206, 1769533206),
('d728636e-9e70-41d5-9f6f-c4e3ea4c9b90', 'subject-tax', '特殊取引等', 2, '95237f13-be54-4c33-b5e2-4ff5aecf6b1c', 4, 1769533206, 1769533206),
('3b9bd59e-f9dc-4a3d-8bee-96756e112732', 'subject-tax', '組織再編成に係る所得の計算', 2, '95237f13-be54-4c33-b5e2-4ff5aecf6b1c', 5, 1769533206, 1769533206),
('23ca9f3f-28ff-48a7-bddd-3095ef5ce4ce', 'subject-tax', '同族会社', 2, '95237f13-be54-4c33-b5e2-4ff5aecf6b1c', 6, 1769533206, 1769533206),
('fe832f48-d47a-429f-97d7-63f6f6a07788', 'subject-tax', '欠損金の取扱い', 2, '95237f13-be54-4c33-b5e2-4ff5aecf6b1c', 7, 1769533206, 1769533206),
('c5d586b9-da81-46ca-82de-41ab26114e45', 'subject-tax', '税額の計算', 2, '95237f13-be54-4c33-b5e2-4ff5aecf6b1c', 8, 1769533206, 1769533206),
('55a7e78b-72cb-4b46-94f9-28d58b693e54', 'subject-tax', '税額控除', 2, '95237f13-be54-4c33-b5e2-4ff5aecf6b1c', 9, 1769533206, 1769533206),
('f0695865-e3e9-4728-8b48-ff4fb2a29e6c', 'subject-tax', '申告・納付・還付等', 2, '95237f13-be54-4c33-b5e2-4ff5aecf6b1c', 10, 1769533206, 1769533206),
('933ac4a5-acac-4622-9ad3-f2a84034799a', 'subject-tax', '外国法人の法人税', 2, '95237f13-be54-4c33-b5e2-4ff5aecf6b1c', 11, 1769533206, 1769533206);

INSERT INTO categories (id, subject_id, name, depth, parent_id, display_order, created_at, updated_at) VALUES
('f967a9f9-7108-4ffc-a7f2-2bfd7e7d6575', 'subject-tax', '所得税法', 1, NULL, 1, 1769533206, 1769533206),
('5beb58e3-abf8-416f-8c62-30571bb065b8', 'subject-tax', '納税義務者と課税所得の範囲', 2, 'f967a9f9-7108-4ffc-a7f2-2bfd7e7d6575', 12, 1769533206, 1769533206),
('ba6caee3-deab-42ee-a336-6735a8912e5e', 'subject-tax', '非課税所得', 2, 'f967a9f9-7108-4ffc-a7f2-2bfd7e7d6575', 13, 1769533206, 1769533206),
('ea95de9c-d6e3-44fd-85aa-03735bd45f28', 'subject-tax', '各種所得の区分と計算', 2, 'f967a9f9-7108-4ffc-a7f2-2bfd7e7d6575', 14, 1769533206, 1769533206),
('876f4f6f-2002-428f-95d8-0e023b982553', 'subject-tax', '収入金額と必要経費', 2, 'f967a9f9-7108-4ffc-a7f2-2bfd7e7d6575', 15, 1769533206, 1769533206),
('a11245e9-d678-4343-969a-3703082d12be', 'subject-tax', '損益通算と損失の繰越控除', 2, 'f967a9f9-7108-4ffc-a7f2-2bfd7e7d6575', 16, 1769533206, 1769533206),
('51a27387-e3fb-4115-914d-4b8d762fea11', 'subject-tax', '所得控除', 2, 'f967a9f9-7108-4ffc-a7f2-2bfd7e7d6575', 17, 1769533206, 1769533206),
('cae12ed8-c23a-4ea1-8a0d-4c260d773960', 'subject-tax', '税額の計算', 2, 'f967a9f9-7108-4ffc-a7f2-2bfd7e7d6575', 18, 1769533206, 1769533206),
('10a284ea-8c36-426e-a69c-7361d504b73e', 'subject-tax', '税額控除', 2, 'f967a9f9-7108-4ffc-a7f2-2bfd7e7d6575', 19, 1769533206, 1769533206),
('f4a8b9f0-a1b5-406c-8053-b05a87cdf285', 'subject-tax', '申告・納付・還付等', 2, 'f967a9f9-7108-4ffc-a7f2-2bfd7e7d6575', 20, 1769533206, 1769533206),
('67c108ff-353d-46cc-841d-6c99e5008bc5', 'subject-tax', '非居住者及び法人の納税義務', 2, 'f967a9f9-7108-4ffc-a7f2-2bfd7e7d6575', 21, 1769533206, 1769533206),
('5458d029-3f8c-4aa0-bde9-dce5473f73d7', 'subject-tax', '源泉徴収', 2, 'f967a9f9-7108-4ffc-a7f2-2bfd7e7d6575', 22, 1769533206, 1769533206),
('215b9d72-a8a4-4aba-9168-f46c8891a0fc', 'subject-tax', '消費税法', 1, NULL, 2, 1769533206, 1769533206),
('f0b05caf-4885-42ea-8b62-c0dd9447cb73', 'subject-tax', '納税義務者', 2, '215b9d72-a8a4-4aba-9168-f46c8891a0fc', 23, 1769533206, 1769533206),
('3a54389f-3dd8-4180-bf09-19354ccca264', 'subject-tax', '課税期間と基準期間', 2, '215b9d72-a8a4-4aba-9168-f46c8891a0fc', 24, 1769533206, 1769533206),
('5b128c1b-bd1c-4f2b-affd-285ef47acc0d', 'subject-tax', '課税取引と非課税取引', 2, '215b9d72-a8a4-4aba-9168-f46c8891a0fc', 25, 1769533206, 1769533206),
('715057b2-7daf-4aca-a622-a8d90615c491', 'subject-tax', '輸出免税', 2, '215b9d72-a8a4-4aba-9168-f46c8891a0fc', 26, 1769533206, 1769533206),
('b4efdca6-d47c-4b66-8a01-3255501ce6ba', 'subject-tax', '課税標準と税率', 2, '215b9d72-a8a4-4aba-9168-f46c8891a0fc', 27, 1769533206, 1769533206),
('f71d36b2-179c-4582-9314-02e94fc0ac00', 'subject-tax', '課税売上割合と仕入税額控除', 2, '215b9d72-a8a4-4aba-9168-f46c8891a0fc', 28, 1769533206, 1769533206),
('2d1fabde-aef9-4197-aa13-3085996a0e42', 'subject-tax', 'その他の税額控除', 2, '215b9d72-a8a4-4aba-9168-f46c8891a0fc', 29, 1769533206, 1769533206),
('fd58eb6a-4450-47a8-bf0f-6c6200b27636', 'subject-tax', '簡易課税制度', 2, '215b9d72-a8a4-4aba-9168-f46c8891a0fc', 30, 1769533206, 1769533206),
('4b621898-795e-4edd-b16a-3711483f4e40', 'subject-tax', '申告・納付・還付等', 2, '215b9d72-a8a4-4aba-9168-f46c8891a0fc', 31, 1769533206, 1769533206),
('e0be0dcf-489d-49d9-ac62-6ab0c2255c02', 'subject-management', '原価計算に関する領域', 1, NULL, 0, 1769533206, 1769533206),
('aed8ce16-cce9-4611-a46d-f8a05e4531e6', 'subject-management', '原価計算の基礎知識', 2, 'e0be0dcf-489d-49d9-ac62-6ab0c2255c02', 0, 1769533206, 1769533206),
('0e780b10-a802-4f3a-8152-4b0258588ee6', 'subject-management', '実際原価計算', 2, 'e0be0dcf-489d-49d9-ac62-6ab0c2255c02', 1, 1769533206, 1769533206),
('512a7d5c-fd0e-437e-bf73-915ace366d79', 'subject-management', '個別原価計算と製造間接費の配賦', 2, 'e0be0dcf-489d-49d9-ac62-6ab0c2255c02', 2, 1769533206, 1769533206),
('6e60c1d7-2c63-419a-8f06-78f7dfcaca22', 'subject-management', '総合原価計算', 2, 'e0be0dcf-489d-49d9-ac62-6ab0c2255c02', 3, 1769533206, 1769533206),
('f316abd9-f52e-4712-9703-cb06fb6c5665', 'subject-management', '連産品と副産物の原価計算', 2, 'e0be0dcf-489d-49d9-ac62-6ab0c2255c02', 4, 1769533206, 1769533206),
('8b74a438-9bad-4381-8b6c-23cbde2ce089', 'subject-management', '標準原価計算', 2, 'e0be0dcf-489d-49d9-ac62-6ab0c2255c02', 5, 1769533206, 1769533206),
('99a9764e-831d-4196-b862-2ca12253aeaa', 'subject-management', '直接原価計算', 2, 'e0be0dcf-489d-49d9-ac62-6ab0c2255c02', 6, 1769533206, 1769533206),
('6dcd8a46-78c0-4851-a0d9-9a54bb557806', 'subject-management', '意思決定及び業績管理に関する領域', 1, NULL, 1, 1769533206, 1769533206),
('b61378a6-3ce8-48c3-916e-564b32220b65', 'subject-management', '管理会計の基礎知識', 2, '6dcd8a46-78c0-4851-a0d9-9a54bb557806', 7, 1769533206, 1769533206),
('8fc0e505-f994-4bc4-9c73-89d89b3f18f6', 'subject-management', '財務情報分析', 2, '6dcd8a46-78c0-4851-a0d9-9a54bb557806', 8, 1769533206, 1769533206),
('b6b43ea8-ae0c-4c61-b520-d8a70649c80b', 'subject-management', '短期利益計画のための管理会計', 2, '6dcd8a46-78c0-4851-a0d9-9a54bb557806', 9, 1769533206, 1769533206),
('b1f3fc90-07f4-4eb1-a2a6-003cdbfeb928', 'subject-management', '予算管理', 2, '6dcd8a46-78c0-4851-a0d9-9a54bb557806', 10, 1769533206, 1769533206),
('d92ee95d-1607-44fd-8759-0d24a5e6fcbb', 'subject-management', '資金管理とキャッシュ・フロー管理', 2, '6dcd8a46-78c0-4851-a0d9-9a54bb557806', 11, 1769533206, 1769533206),
('ac41484c-ae95-4ebf-8f26-67f15bfe406b', 'subject-management', 'コスト・マネジメント', 2, '6dcd8a46-78c0-4851-a0d9-9a54bb557806', 12, 1769533206, 1769533206),
('e33e679f-c637-45d9-93d3-185cf4a30dc7', 'subject-management', '差額原価収益分析', 2, '6dcd8a46-78c0-4851-a0d9-9a54bb557806', 13, 1769533206, 1769533206),
('2fc3c2b5-8edc-496a-877a-b9ed9d1a0716', 'subject-management', '投資計画の経済性計算', 2, '6dcd8a46-78c0-4851-a0d9-9a54bb557806', 14, 1769533206, 1769533206),
('0627c044-7529-40f0-9d6b-bc5d2dfd8ee5', 'subject-management', '分権化組織とグループ経営の管理会計', 2, '6dcd8a46-78c0-4851-a0d9-9a54bb557806', 15, 1769533206, 1769533206),
('f8499f7b-c8e8-48a9-802c-e6849e296f62', 'subject-business', '経営管理', 1, NULL, 0, 1769533206, 1769533206),
('0bb18486-6ed3-4a92-86cc-a242e7299f9f', 'subject-business', '経営管理の基礎', 2, 'f8499f7b-c8e8-48a9-802c-e6849e296f62', 0, 1769533206, 1769533206),
('fdf6f3dd-c941-4065-aee2-547b419db76b', 'subject-business', '経営戦略', 2, 'f8499f7b-c8e8-48a9-802c-e6849e296f62', 1, 1769533206, 1769533206),
('d6e8bb21-877b-4832-9205-7f181e95ea0f', 'subject-business', '経営組織', 2, 'f8499f7b-c8e8-48a9-802c-e6849e296f62', 2, 1769533206, 1769533206),
('60d9e451-d278-44ad-b3c0-2bd869abad99', 'subject-business', '組織行動', 2, 'f8499f7b-c8e8-48a9-802c-e6849e296f62', 3, 1769533206, 1769533206),
('f5bda231-eee0-4916-8c27-d814ce0c646f', 'subject-business', '経営統制', 2, 'f8499f7b-c8e8-48a9-802c-e6849e296f62', 4, 1769533206, 1769533206),
('2ced7135-6090-4584-a7bd-a5a5c9c7dc9c', 'subject-business', '財務管理', 1, NULL, 1, 1769533206, 1769533206),
('9e775ad9-9ff8-48aa-9e76-798e6f328fac', 'subject-business', '資金調達', 2, '2ced7135-6090-4584-a7bd-a5a5c9c7dc9c', 5, 1769533206, 1769533206),
('197408a0-77b4-43ef-9020-72a0595f4293', 'subject-business', '投資決定', 2, '2ced7135-6090-4584-a7bd-a5a5c9c7dc9c', 6, 1769533206, 1769533206),
('20b80347-e9a9-43e2-833b-56677d95433a', 'subject-business', '資本コスト', 2, '2ced7135-6090-4584-a7bd-a5a5c9c7dc9c', 7, 1769533206, 1769533206);

INSERT INTO categories (id, subject_id, name, depth, parent_id, display_order, created_at, updated_at) VALUES
('4aa80114-39b7-4d84-babd-c05a15ff59ea', 'subject-business', '資本構成', 2, '2ced7135-6090-4584-a7bd-a5a5c9c7dc9c', 8, 1769533206, 1769533206),
('be40a03a-10d0-44fa-bbc6-bb11ff873686', 'subject-business', 'ペイアウト政策', 2, '2ced7135-6090-4584-a7bd-a5a5c9c7dc9c', 9, 1769533206, 1769533206),
('55f30d44-d6c1-4465-892f-89e01ba6fbc1', 'subject-business', '運転資本管理', 2, '2ced7135-6090-4584-a7bd-a5a5c9c7dc9c', 10, 1769533206, 1769533206),
('410cc743-d087-4eba-a971-8be0ce552469', 'subject-business', '企業評価と財務分析', 2, '2ced7135-6090-4584-a7bd-a5a5c9c7dc9c', 11, 1769533206, 1769533206),
('67acabca-af69-4b34-84d4-f78bbfd79daf', 'subject-business', '資産選択と資本市場', 2, '2ced7135-6090-4584-a7bd-a5a5c9c7dc9c', 12, 1769533206, 1769533206),
('c537cfb7-cc8b-4186-8311-c118ef72a3a2', 'subject-business', 'デリバティブとリスク管理', 2, '2ced7135-6090-4584-a7bd-a5a5c9c7dc9c', 13, 1769533206, 1769533206),
('4deca23b-f909-44c1-a298-2596da9a4d85', 'subject-economics', 'ミクロ経済学', 1, NULL, 0, 1769533206, 1769533206),
('88ef9587-a270-4eea-9b5d-865d4b4331b6', 'subject-economics', '市場と需要・供給', 2, '4deca23b-f909-44c1-a298-2596da9a4d85', 0, 1769533206, 1769533206),
('f44a5ace-4cbf-4d7b-b412-b020b0d6d95e', 'subject-economics', '消費者と需要', 2, '4deca23b-f909-44c1-a298-2596da9a4d85', 1, 1769533206, 1769533206),
('8380fe92-f1af-486d-943a-3210762ec66b', 'subject-economics', '企業と生産関数・費用関数', 2, '4deca23b-f909-44c1-a298-2596da9a4d85', 2, 1769533206, 1769533206),
('e2578d82-e783-4526-b06b-386ea40a1e5e', 'subject-economics', '市場の長期供給曲線', 2, '4deca23b-f909-44c1-a298-2596da9a4d85', 3, 1769533206, 1769533206),
('c8db5ed3-aa38-4819-be4c-4bac74ee0c86', 'subject-economics', '完全競争市場', 2, '4deca23b-f909-44c1-a298-2596da9a4d85', 4, 1769533206, 1769533206),
('16534dac-99df-4db6-ab5b-30533c010f2a', 'subject-economics', '厚生経済学', 2, '4deca23b-f909-44c1-a298-2596da9a4d85', 5, 1769533206, 1769533206),
('ec8ece1f-8c71-4b4f-be58-9a88f94d3186', 'subject-economics', '不完全競争市場', 2, '4deca23b-f909-44c1-a298-2596da9a4d85', 6, 1769533206, 1769533206),
('c3ed2621-e0c6-4ab6-9161-b1eb219501fa', 'subject-economics', '市場の失敗', 2, '4deca23b-f909-44c1-a298-2596da9a4d85', 7, 1769533206, 1769533206),
('68d44774-790a-44c2-9ac7-3422fae8f78c', 'subject-economics', '国際貿易', 2, '4deca23b-f909-44c1-a298-2596da9a4d85', 8, 1769533206, 1769533206),
('90d8b716-f3bd-49ee-bd1a-188d6fff08fb', 'subject-economics', 'マクロ経済学', 1, NULL, 1, 1769533206, 1769533206),
('d50601f1-9c0a-47d4-b831-c0cf9431af13', 'subject-economics', '国民所得', 2, '90d8b716-f3bd-49ee-bd1a-188d6fff08fb', 9, 1769533206, 1769533206),
('89d43df0-2a64-4be4-a724-3306858aa6fa', 'subject-economics', '国民所得の決定', 2, '90d8b716-f3bd-49ee-bd1a-188d6fff08fb', 10, 1769533206, 1769533206),
('1ef48c8d-e62e-4618-affc-d7c41d37df5b', 'subject-economics', '消費と貯蓄の理論', 2, '90d8b716-f3bd-49ee-bd1a-188d6fff08fb', 11, 1769533206, 1769533206),
('9ea9dbbd-86e1-457e-a070-407b7fbfc934', 'subject-economics', '貨幣需要と貨幣供給', 2, '90d8b716-f3bd-49ee-bd1a-188d6fff08fb', 12, 1769533206, 1769533206),
('ad43a310-26d6-4476-b780-2f5c8fa7ac2e', 'subject-economics', '投資理論', 2, '90d8b716-f3bd-49ee-bd1a-188d6fff08fb', 13, 1769533206, 1769533206),
('2bb90f77-0d10-4878-a025-127e02b07b52', 'subject-economics', 'IS-LMモデル', 2, '90d8b716-f3bd-49ee-bd1a-188d6fff08fb', 14, 1769533206, 1769533206),
('1f43ed06-28f7-40e4-a51d-d072835a81fb', 'subject-economics', '労働市場', 2, '90d8b716-f3bd-49ee-bd1a-188d6fff08fb', 15, 1769533206, 1769533206),
('5a38d642-ca40-40f4-b0df-23749e30ca67', 'subject-economics', '経済政策の有効性', 2, '90d8b716-f3bd-49ee-bd1a-188d6fff08fb', 16, 1769533206, 1769533206),
('605857ba-5ea2-4290-a807-fbd7842da418', 'subject-economics', '経済成長理論', 2, '90d8b716-f3bd-49ee-bd1a-188d6fff08fb', 17, 1769533206, 1769533206),
('d60fe131-16a7-4feb-a09e-03bcf0a6a411', 'subject-economics', '国際マクロ経済学', 2, '90d8b716-f3bd-49ee-bd1a-188d6fff08fb', 18, 1769533206, 1769533206),
('c93be3fe-b601-4640-b164-7e74ee128519', 'subject-financial', '財務会計の意義と機能', 1, NULL, 0, 1769533206, 1769533206),
('03f8b1d8-dd91-4fe3-a2d5-31de646aef42', 'subject-financial', '財務会計の意義', 2, 'c93be3fe-b601-4640-b164-7e74ee128519', 0, 1769533206, 1769533206),
('e69b54a9-f436-4157-b343-bb508f886266', 'subject-financial', '財務会計の機能', 2, 'c93be3fe-b601-4640-b164-7e74ee128519', 1, 1769533206, 1769533206),
('9c3bdf3b-287e-4a3b-82ba-204db9181fce', 'subject-financial', '財務会計の基礎概念', 1, NULL, 1, 1769533206, 1769533206),
('cbea645d-6471-436f-9cfa-4a7bc0156b00', 'subject-financial', '会計公準', 2, '9c3bdf3b-287e-4a3b-82ba-204db9181fce', 2, 1769533206, 1769533206),
('4bf37427-65c1-4d91-a4f6-0192f10af76b', 'subject-financial', '会計主体論', 2, '9c3bdf3b-287e-4a3b-82ba-204db9181fce', 3, 1769533206, 1769533206),
('430e922e-2b29-4ac0-985d-2e3b0a8a322d', 'subject-financial', '利益概念', 2, '9c3bdf3b-287e-4a3b-82ba-204db9181fce', 4, 1769533206, 1769533206),
('43209a62-1ef8-449c-8b70-4c986311efa8', 'subject-financial', '概念フレームワーク', 2, '9c3bdf3b-287e-4a3b-82ba-204db9181fce', 5, 1769533206, 1769533206),
('aa1703c8-7c47-4e06-a187-fd3248fa7a11', 'subject-financial', '複式簿記の基本原理', 1, NULL, 2, 1769533206, 1769533206),
('055109ce-2334-4317-98df-2212147b0c38', 'subject-financial', '取引と仕訳', 2, 'aa1703c8-7c47-4e06-a187-fd3248fa7a11', 6, 1769533206, 1769533206),
('e53da0a9-f78b-4df4-a75a-90ae6c372523', 'subject-financial', '勘定記入', 2, 'aa1703c8-7c47-4e06-a187-fd3248fa7a11', 7, 1769533206, 1769533206),
('bd23a9ad-84ec-4d98-ae7d-3a4646c55ee7', 'subject-financial', '帳簿組織', 2, 'aa1703c8-7c47-4e06-a187-fd3248fa7a11', 8, 1769533206, 1769533206),
('c2b8988f-1b1d-4c14-8c20-60c03c0f9fcd', 'subject-financial', '決算手続', 2, 'aa1703c8-7c47-4e06-a187-fd3248fa7a11', 9, 1769533206, 1769533206),
('85571f59-92dc-407b-81fd-266e34e68dba', 'subject-financial', '本支店会計', 2, 'aa1703c8-7c47-4e06-a187-fd3248fa7a11', 10, 1769533206, 1769533206),
('0fd76810-4552-41a0-9365-dbda30550bf6', 'subject-financial', '企業会計制度と会計基準', 1, NULL, 3, 1769533206, 1769533206),
('beb54bd6-95d7-4393-9af7-0c93997fe09d', 'subject-financial', '会社法会計', 2, '0fd76810-4552-41a0-9365-dbda30550bf6', 11, 1769533206, 1769533206),
('12e509da-3952-4360-9129-196ad77d8b16', 'subject-financial', '金融商品取引法会計', 2, '0fd76810-4552-41a0-9365-dbda30550bf6', 12, 1769533206, 1769533206),
('b2560d5a-b67c-4069-8bfc-5da0d11d3b49', 'subject-financial', '会計基準', 2, '0fd76810-4552-41a0-9365-dbda30550bf6', 13, 1769533206, 1769533206),
('6ff4ce93-6da3-4fa9-b431-5e02622f35ff', 'subject-financial', '資産会計総論', 1, NULL, 4, 1769533206, 1769533206),
('51d502be-47fe-4983-9b82-0723160b74e7', 'subject-financial', '資産の意義', 2, '6ff4ce93-6da3-4fa9-b431-5e02622f35ff', 14, 1769533206, 1769533206),
('4b0a53f9-01c8-497a-b0e5-54c40cdc206e', 'subject-financial', '資産の分類', 2, '6ff4ce93-6da3-4fa9-b431-5e02622f35ff', 15, 1769533206, 1769533206),
('30755970-7fe1-4df0-8bb3-e9906fa3b036', 'subject-financial', '資産の評価', 2, '6ff4ce93-6da3-4fa9-b431-5e02622f35ff', 16, 1769533206, 1769533206),
('d077381d-c912-43bf-b8f7-81a520bdd730', 'subject-financial', '費用配分の原理', 2, '6ff4ce93-6da3-4fa9-b431-5e02622f35ff', 17, 1769533206, 1769533206);

INSERT INTO topics (id, category_id, name, description, difficulty, topic_type, ai_system_prompt, display_order, created_at, updated_at) VALUES
('46dc4d31-1f02-4e33-9809-e34ea955615d', 'a1f5b41a-adf9-42b2-965b-35c63cdc224c', '会社の意義', NULL, NULL, NULL, NULL, 0, 1769533206, 1769533206),
('df32b312-78f0-4568-a95d-44e5a1ce2ca1', 'a1f5b41a-adf9-42b2-965b-35c63cdc224c', '子会社', NULL, NULL, NULL, NULL, 1, 1769533206, 1769533206),
('c11f4ebd-80ce-4b42-a91f-8cb0a9d7f061', 'a1f5b41a-adf9-42b2-965b-35c63cdc224c', '親会社', NULL, NULL, NULL, NULL, 2, 1769533206, 1769533206),
('283fc5f0-7fba-4f06-a075-16d41bbee0a8', 'a1f5b41a-adf9-42b2-965b-35c63cdc224c', '公開会社', NULL, NULL, NULL, NULL, 3, 1769533206, 1769533206),
('c53adfe5-4d93-4275-be6b-cab4fb0ef318', 'a1f5b41a-adf9-42b2-965b-35c63cdc224c', '大会社', NULL, NULL, NULL, NULL, 4, 1769533206, 1769533206),
('bd54b7f3-4831-4f91-955d-d00a3838cc6a', 'a1f5b41a-adf9-42b2-965b-35c63cdc224c', '特例有限会社', NULL, NULL, NULL, NULL, 5, 1769533206, 1769533206),
('b6e250bf-478a-4951-a712-d82a1b450d1e', 'a1f5b41a-adf9-42b2-965b-35c63cdc224c', '会社の法人性', NULL, NULL, NULL, NULL, 6, 1769533206, 1769533206),
('c0535812-82c1-4702-adaa-2ef9f8a91ac0', 'a1f5b41a-adf9-42b2-965b-35c63cdc224c', '法人格否認の法理', NULL, NULL, NULL, NULL, 7, 1769533206, 1769533206),
('7aee7c31-cad8-4893-a3f7-de71ef1fd9fa', 'a1f5b41a-adf9-42b2-965b-35c63cdc224c', '会社の能力', NULL, NULL, NULL, NULL, 8, 1769533206, 1769533206),
('de762692-b67a-4627-8e77-4fc7a4c09a43', 'a1f5b41a-adf9-42b2-965b-35c63cdc224c', '会社の使用人', NULL, NULL, NULL, NULL, 9, 1769533206, 1769533206),
('0cb36f1b-e00b-44fd-a09b-7f23c6ce4f9a', 'a1f5b41a-adf9-42b2-965b-35c63cdc224c', '会社の代理商', NULL, NULL, NULL, NULL, 10, 1769533206, 1769533206),
('37464944-636f-404e-99fc-c91da9d46195', 'a1f5b41a-adf9-42b2-965b-35c63cdc224c', '事業譲渡会社と事業譲受会社の義務・責任', NULL, NULL, NULL, NULL, 11, 1769533206, 1769533206),
('84a075df-7952-47f1-b25d-642eb0811337', '8e41feff-888c-47f5-b834-582f65db1f2b', '発起人', NULL, NULL, NULL, NULL, 12, 1769533206, 1769533206),
('d5e30721-d173-4078-af8a-ae1f539eb016', '8e41feff-888c-47f5-b834-582f65db1f2b', '発起設立', NULL, NULL, NULL, NULL, 13, 1769533206, 1769533206),
('72e94a95-d628-4555-8d23-e621c0ac966a', '8e41feff-888c-47f5-b834-582f65db1f2b', '募集設立', NULL, NULL, NULL, NULL, 14, 1769533206, 1769533206),
('e5bcdfc8-a37a-4bc3-8fb6-5dd638c0d2e9', '8e41feff-888c-47f5-b834-582f65db1f2b', '定款', NULL, NULL, NULL, NULL, 15, 1769533206, 1769533206),
('cccf8a13-f79a-4a83-808a-8e52995c8b6d', '8e41feff-888c-47f5-b834-582f65db1f2b', '変態設立事項', NULL, NULL, NULL, NULL, 16, 1769533206, 1769533206),
('6607bb22-8d64-4d16-84e7-ad9301cba218', '8e41feff-888c-47f5-b834-582f65db1f2b', '払込の仮装', NULL, NULL, NULL, NULL, 17, 1769533206, 1769533206),
('267ec9c6-a246-4010-809c-4b5717cd5a93', '8e41feff-888c-47f5-b834-582f65db1f2b', '発起人の責任', NULL, NULL, NULL, NULL, 18, 1769533206, 1769533206),
('6d366000-843f-4c02-8af4-3e20146803ce', '8e41feff-888c-47f5-b834-582f65db1f2b', '設立の瑕疵', NULL, NULL, NULL, NULL, 19, 1769533206, 1769533206),
('3438a99b-24ea-4378-a2ad-3c4c5974fa85', 'c84d8ecf-c026-4aae-8c74-ef5163a98258', '株式の意義', NULL, NULL, NULL, NULL, 20, 1769533206, 1769533206),
('2dcf7966-6e0a-4d0e-907d-f629709414b3', 'c84d8ecf-c026-4aae-8c74-ef5163a98258', '株主平等原則', NULL, NULL, NULL, NULL, 21, 1769533206, 1769533206),
('93ee94d2-7688-456d-ae8c-a58c44d4af4d', 'c84d8ecf-c026-4aae-8c74-ef5163a98258', '株式の内容・種類', NULL, NULL, NULL, NULL, 22, 1769533206, 1769533206),
('4ac0ffdb-d72d-4110-b1a0-c64851fe2d54', 'c84d8ecf-c026-4aae-8c74-ef5163a98258', '株式の併合', NULL, NULL, NULL, NULL, 23, 1769533206, 1769533206),
('999cb0fe-2c06-4a8c-99fc-bd7e5f98fead', 'c84d8ecf-c026-4aae-8c74-ef5163a98258', '株式の分割', NULL, NULL, NULL, NULL, 24, 1769533206, 1769533206),
('593b02ca-f311-42b3-aa42-49e7a2499cf0', 'c84d8ecf-c026-4aae-8c74-ef5163a98258', '無償割当', NULL, NULL, NULL, NULL, 25, 1769533206, 1769533206),
('34624d79-5a2d-454d-bf76-84ec5c3fe707', 'c84d8ecf-c026-4aae-8c74-ef5163a98258', '単元株制度', NULL, NULL, NULL, NULL, 26, 1769533206, 1769533206),
('08d6e732-0a40-4f89-8438-c35a3566c499', 'c84d8ecf-c026-4aae-8c74-ef5163a98258', '株券', NULL, NULL, NULL, NULL, 27, 1769533206, 1769533206),
('c25bbd09-9c69-4ba4-8256-2e52326003ab', 'c84d8ecf-c026-4aae-8c74-ef5163a98258', '株式譲渡', NULL, NULL, NULL, NULL, 28, 1769533206, 1769533206),
('2be41296-2625-4c5e-9bff-b06bc2a5676f', 'c84d8ecf-c026-4aae-8c74-ef5163a98258', '株式の担保化', NULL, NULL, NULL, NULL, 29, 1769533206, 1769533206),
('8b823cdc-23e2-474f-a65b-d6bc2f4b0fca', 'c84d8ecf-c026-4aae-8c74-ef5163a98258', '株主名簿', NULL, NULL, NULL, NULL, 30, 1769533206, 1769533206),
('69287a1e-eed5-4b27-8f63-149ae43c980a', 'c84d8ecf-c026-4aae-8c74-ef5163a98258', '基準日', NULL, NULL, NULL, NULL, 31, 1769533206, 1769533206),
('57e44738-8a9f-4080-8385-f4e5fb68db24', 'c84d8ecf-c026-4aae-8c74-ef5163a98258', '株式振替制度', NULL, NULL, NULL, NULL, 32, 1769533206, 1769533206),
('fbe205ba-5bca-4120-9a7b-3ea31b879c37', 'c84d8ecf-c026-4aae-8c74-ef5163a98258', '自己株式', NULL, NULL, NULL, NULL, 33, 1769533206, 1769533206),
('5c137559-48da-49d3-a94d-3e2dbbf7140b', 'c84d8ecf-c026-4aae-8c74-ef5163a98258', '株式買取請求', NULL, NULL, NULL, NULL, 34, 1769533206, 1769533206),
('f11d5ca7-34c1-4781-98a3-faca2f4c2b5f', 'c84d8ecf-c026-4aae-8c74-ef5163a98258', '利益供与の禁止', NULL, NULL, NULL, NULL, 35, 1769533206, 1769533206),
('fcb3b712-b8cf-4853-bbb5-a26539951b53', 'c84d8ecf-c026-4aae-8c74-ef5163a98258', '株式会社の資金調達方法', NULL, NULL, NULL, NULL, 36, 1769533206, 1769533206),
('96af5002-7a16-4fab-8a85-2e5cefa9ce15', 'c84d8ecf-c026-4aae-8c74-ef5163a98258', '募集株式の発行等', NULL, NULL, NULL, NULL, 37, 1769533206, 1769533206),
('d079bfc9-30df-4219-9395-5431fe9489b6', 'c84d8ecf-c026-4aae-8c74-ef5163a98258', '新株予約権', NULL, NULL, NULL, NULL, 38, 1769533206, 1769533206),
('11715aef-c918-4ef1-9425-0b157699f336', 'c84d8ecf-c026-4aae-8c74-ef5163a98258', '買収防衛策', NULL, NULL, NULL, NULL, 39, 1769533206, 1769533206),
('f1cffa27-b03b-4996-88fb-798a2e7d08d3', 'c84d8ecf-c026-4aae-8c74-ef5163a98258', '特別支配株主の株式等売渡請求', NULL, NULL, NULL, NULL, 40, 1769533206, 1769533206),
('778b6d86-d05f-4a55-92dd-9e7428158b33', 'cbd31531-2f49-41d7-a419-81901d192ad8', '機関の組合せの多様性', NULL, NULL, NULL, NULL, 41, 1769533206, 1769533206),
('039d841d-31b7-4d99-aa63-01a5e63ef2c6', 'cbd31531-2f49-41d7-a419-81901d192ad8', '株主総会の権限', NULL, NULL, NULL, NULL, 42, 1769533206, 1769533206),
('d8382c15-e43a-4744-90da-b71d79f48a4e', 'cbd31531-2f49-41d7-a419-81901d192ad8', '株主総会の招集', NULL, NULL, NULL, NULL, 43, 1769533206, 1769533206),
('54a2fb56-1e01-4280-a31b-d304ac15f51e', 'cbd31531-2f49-41d7-a419-81901d192ad8', '株主総会の運営', NULL, NULL, NULL, NULL, 44, 1769533206, 1769533206),
('98f890e6-2128-4b22-b9ac-1ab2b6013400', 'cbd31531-2f49-41d7-a419-81901d192ad8', '議決権', NULL, NULL, NULL, NULL, 45, 1769533206, 1769533206),
('d68980ab-e4a1-412c-9d75-3bbd8d26e938', 'cbd31531-2f49-41d7-a419-81901d192ad8', '株主総会決議', NULL, NULL, NULL, NULL, 46, 1769533206, 1769533206),
('e810def3-75c4-4fbd-ac3f-417fa58f0737', 'cbd31531-2f49-41d7-a419-81901d192ad8', '役員等の選任', NULL, NULL, NULL, NULL, 47, 1769533206, 1769533206),
('d8b136b0-17c0-4327-a65c-d7b9bf9a3637', 'cbd31531-2f49-41d7-a419-81901d192ad8', '役員等の解任', NULL, NULL, NULL, NULL, 48, 1769533206, 1769533206),
('56861145-1f7d-435a-b979-d68a0d06bedf', 'cbd31531-2f49-41d7-a419-81901d192ad8', '役員等と会社との関係', NULL, NULL, NULL, NULL, 49, 1769533206, 1769533206);

INSERT INTO topics (id, category_id, name, description, difficulty, topic_type, ai_system_prompt, display_order, created_at, updated_at) VALUES
('3598df65-9525-4f6d-8ee9-9a53f5398fea', 'cbd31531-2f49-41d7-a419-81901d192ad8', '役員等の権限', NULL, NULL, NULL, NULL, 50, 1769533206, 1769533206),
('f147e2dd-2a31-41be-892c-f434e8db5f68', 'cbd31531-2f49-41d7-a419-81901d192ad8', '社外取締役', NULL, NULL, NULL, NULL, 51, 1769533206, 1769533206),
('0354a1e2-a2e2-4020-851a-1e5b79efc8a8', 'cbd31531-2f49-41d7-a419-81901d192ad8', '社外監査役', NULL, NULL, NULL, NULL, 52, 1769533206, 1769533206),
('9e99bb39-310d-4d0b-9d87-fad586cc3195', 'cbd31531-2f49-41d7-a419-81901d192ad8', '業務執行権限', NULL, NULL, NULL, NULL, 53, 1769533206, 1769533206),
('528c1683-6e19-4d60-b2e6-f9be313bab8b', 'cbd31531-2f49-41d7-a419-81901d192ad8', '代表権限', NULL, NULL, NULL, NULL, 54, 1769533206, 1769533206),
('69835212-a759-4d9a-baa4-315667570af0', 'cbd31531-2f49-41d7-a419-81901d192ad8', '監査等委員会設置会社', NULL, NULL, NULL, NULL, 55, 1769533206, 1769533206),
('2acc06cc-1911-4e12-bc10-18c6aa6d4412', 'cbd31531-2f49-41d7-a419-81901d192ad8', '指名委員会等設置会社', NULL, NULL, NULL, NULL, 56, 1769533206, 1769533206),
('df6abfb1-963e-46e3-b7d6-1d9f49cb4f78', 'cbd31531-2f49-41d7-a419-81901d192ad8', '取締役会', NULL, NULL, NULL, NULL, 57, 1769533206, 1769533206),
('40483cbc-403f-4200-84a7-2b00e0aeb702', 'cbd31531-2f49-41d7-a419-81901d192ad8', '内部統制システム', NULL, NULL, NULL, NULL, 58, 1769533206, 1769533206),
('8997568e-c1c3-4f0a-920f-ddea5d523947', 'cbd31531-2f49-41d7-a419-81901d192ad8', '代表行為と取引の安全', NULL, NULL, NULL, NULL, 59, 1769533206, 1769533206),
('8ccc95ae-8cc0-4b7d-a411-375cd38f2e8c', 'cbd31531-2f49-41d7-a419-81901d192ad8', '役員等の責任', NULL, NULL, NULL, NULL, 60, 1769533206, 1769533206),
('75304213-eba2-4bc9-b235-f5021c71dbee', 'cbd31531-2f49-41d7-a419-81901d192ad8', '特定責任', NULL, NULL, NULL, NULL, 61, 1769533206, 1769533206),
('124724a2-8c97-4ad4-90ca-1fa977f12a81', 'cbd31531-2f49-41d7-a419-81901d192ad8', '取締役・執行役の職務執行に対する監督・監査', NULL, NULL, NULL, NULL, 62, 1769533206, 1769533206),
('84ea1ff9-6311-4242-aeee-bbebdc5581be', 'cbd31531-2f49-41d7-a419-81901d192ad8', '監査役会', NULL, NULL, NULL, NULL, 63, 1769533206, 1769533206),
('51666014-75ba-47c1-b431-8b42931f56e8', '54047b34-d952-4853-b482-1f4469e2a442', '会計の原則', NULL, NULL, NULL, NULL, 64, 1769533206, 1769533206),
('2190d5c4-93e6-44f0-9031-781fd1345ad0', '54047b34-d952-4853-b482-1f4469e2a442', '計算書類等の監査', NULL, NULL, NULL, NULL, 65, 1769533206, 1769533206),
('635e77a7-7d74-404d-acfe-e3a559665890', '54047b34-d952-4853-b482-1f4469e2a442', '計算書類等の承認', NULL, NULL, NULL, NULL, 66, 1769533206, 1769533206),
('c23ba0e8-140c-4499-9224-d0a33bf975d6', '54047b34-d952-4853-b482-1f4469e2a442', '計算書類等の開示', NULL, NULL, NULL, NULL, 67, 1769533206, 1769533206),
('ae58a72a-c117-481a-b793-6e12415a8427', '54047b34-d952-4853-b482-1f4469e2a442', '資本金', NULL, NULL, NULL, NULL, 68, 1769533206, 1769533206),
('a22a2e59-97a3-4611-8083-39c2a142d119', '54047b34-d952-4853-b482-1f4469e2a442', '準備金', NULL, NULL, NULL, NULL, 69, 1769533206, 1769533206),
('8b975ea0-c00c-4cc7-8160-083ca4459b02', '54047b34-d952-4853-b482-1f4469e2a442', '剰余金の分配', NULL, NULL, NULL, NULL, 70, 1769533206, 1769533206),
('e27b3bdf-ca56-4d2e-bf05-680a526f793b', 'adcac667-1c6e-4cce-a439-b4ff80bdb69b', '社員の責任', NULL, NULL, NULL, NULL, 71, 1769533206, 1769533206),
('4e8218bd-618e-43f9-acf0-8e1cc45e9832', 'adcac667-1c6e-4cce-a439-b4ff80bdb69b', '所有と経営の制度的一致', NULL, NULL, NULL, NULL, 72, 1769533206, 1769533206),
('2f02f72e-ed75-4921-a5a9-31a2a7b1ae82', 'adcac667-1c6e-4cce-a439-b4ff80bdb69b', '投下資本の回収方法', NULL, NULL, NULL, NULL, 73, 1769533206, 1769533206),
('91b5530c-1956-4ab6-8c5f-234c61d50f63', 'feeeee1e-7395-47c7-b01f-2902d4017ff9', '株式と社債の相違', NULL, NULL, NULL, NULL, 74, 1769533206, 1769533206),
('0bb48ac9-1700-4e5c-8aa9-b8a12efa529c', 'feeeee1e-7395-47c7-b01f-2902d4017ff9', '社債の多様性', NULL, NULL, NULL, NULL, 75, 1769533206, 1769533206),
('a7b62b3a-a449-4c31-8528-26865c3e864a', '0e2d9bcd-abf8-44ce-8543-495937a5cfe0', '組織変更', NULL, NULL, NULL, NULL, 76, 1769533206, 1769533206),
('81fc5b31-fefb-4498-9d50-f89124a98958', '0e2d9bcd-abf8-44ce-8543-495937a5cfe0', '合併', NULL, NULL, NULL, NULL, 77, 1769533206, 1769533206),
('b13b5b0d-aaa1-4125-8047-d6d7710e63ef', '0e2d9bcd-abf8-44ce-8543-495937a5cfe0', '会社分割', NULL, NULL, NULL, NULL, 78, 1769533206, 1769533206),
('54617a23-553c-41d6-9db5-ee03988f0af9', '0e2d9bcd-abf8-44ce-8543-495937a5cfe0', '株式交換', NULL, NULL, NULL, NULL, 79, 1769533206, 1769533206),
('6600a469-3877-491b-ac48-61c9dc6c1731', '0e2d9bcd-abf8-44ce-8543-495937a5cfe0', '株式移転', NULL, NULL, NULL, NULL, 80, 1769533206, 1769533206),
('d90ae98c-07d5-4376-b652-076af62548a9', '0e2d9bcd-abf8-44ce-8543-495937a5cfe0', '株式交付', NULL, NULL, NULL, NULL, 81, 1769533206, 1769533206),
('84dc0645-8333-462d-bad3-eb36362a0db2', '0e2d9bcd-abf8-44ce-8543-495937a5cfe0', '事業譲渡等', NULL, NULL, NULL, NULL, 82, 1769533206, 1769533206),
('a89025a4-85f3-46ae-bcc7-faae69c54538', 'b2239401-88e9-400d-bf98-3e2e8d624856', '外国会社', NULL, NULL, NULL, NULL, 83, 1769533206, 1769533206),
('63ceb7e1-5003-4e6e-84f3-cae838302cba', '81b45149-af1c-4653-bb94-6ee982cb9b76', '定款変更', NULL, NULL, NULL, NULL, 84, 1769533206, 1769533206),
('64da2300-369f-4317-8ac0-0429abb31b04', '81b45149-af1c-4653-bb94-6ee982cb9b76', '解散', NULL, NULL, NULL, NULL, 85, 1769533206, 1769533206),
('fedff4a8-2b90-4e07-a5b0-8e941462e3cd', '81b45149-af1c-4653-bb94-6ee982cb9b76', '清算', NULL, NULL, NULL, NULL, 86, 1769533206, 1769533206),
('cb0e2a48-05c5-442d-b604-12c9ff3c7a31', '81b45149-af1c-4653-bb94-6ee982cb9b76', '雑則', NULL, NULL, NULL, NULL, 87, 1769533206, 1769533206),
('d9547e9c-1ae8-4822-aac2-4be6da6d4f7c', '81b45149-af1c-4653-bb94-6ee982cb9b76', '罰則', NULL, NULL, NULL, NULL, 88, 1769533206, 1769533206),
('e9bb067a-01b0-4459-a604-7a8cb93d39f6', '44cb7d14-2bc7-456c-b6d5-5dcea9bb0e96', '商法の意義', NULL, NULL, NULL, NULL, 89, 1769533206, 1769533206),
('e8d7c6fd-e1d4-40d5-a077-d4efa74a3d7e', '44cb7d14-2bc7-456c-b6d5-5dcea9bb0e96', '商法の法源', NULL, NULL, NULL, NULL, 90, 1769533206, 1769533206),
('4ca93529-610e-4634-9149-e3bd28e2fd7c', '3cc2f385-4939-4516-9d77-35ce03309f10', '商人とその組織', NULL, NULL, NULL, NULL, 91, 1769533206, 1769533206),
('b0b19143-e064-4d30-8133-c65e05c61a35', '3cc2f385-4939-4516-9d77-35ce03309f10', '商行為', NULL, NULL, NULL, NULL, 92, 1769533206, 1769533206),
('420619a7-a887-46c8-8e79-28004e0bec15', '3cc2f385-4939-4516-9d77-35ce03309f10', '商法上の企業活動補助者の制度', NULL, NULL, NULL, NULL, 93, 1769533206, 1769533206),
('35304e18-a067-4d35-a490-0287b89728e9', '3cc2f385-4939-4516-9d77-35ce03309f10', '企業の情報開示', NULL, NULL, NULL, NULL, 94, 1769533206, 1769533206),
('f3229e34-dc6c-47a2-abed-924f9141a590', '3cc2f385-4939-4516-9d77-35ce03309f10', '企業会計', NULL, NULL, NULL, NULL, 95, 1769533206, 1769533206),
('90e6b0ce-100a-419a-9dec-372ced74a84e', '3cc2f385-4939-4516-9d77-35ce03309f10', '商事売買', NULL, NULL, NULL, NULL, 96, 1769533206, 1769533206),
('462f0816-4176-42c8-b2ac-51907d1b6f23', '3cc2f385-4939-4516-9d77-35ce03309f10', '運送営業', NULL, NULL, NULL, NULL, 97, 1769533206, 1769533206),
('1b009e7e-c5b4-4568-909c-ea2df868dabb', '3cc2f385-4939-4516-9d77-35ce03309f10', '寄託', NULL, NULL, NULL, NULL, 98, 1769533206, 1769533206),
('ee908651-5f40-4ee7-a32d-68f3638b7ec2', '4a13c2ac-8687-49d9-8462-7b326ae9ee9d', '総則', NULL, NULL, NULL, NULL, 99, 1769533206, 1769533206);

INSERT INTO topics (id, category_id, name, description, difficulty, topic_type, ai_system_prompt, display_order, created_at, updated_at) VALUES
('a9a9bfab-861e-4de8-b240-9c69ad568bb7', '7ae385b9-5e68-4c36-8451-bbc0045d4487', '開示制度の意義', NULL, NULL, NULL, NULL, 100, 1769533206, 1769533206),
('568b35bd-d98b-4645-8538-cd1bf2a76f02', '7ae385b9-5e68-4c36-8451-bbc0045d4487', '開示制度の対象', NULL, NULL, NULL, NULL, 101, 1769533206, 1769533206),
('7397f0f0-aebd-4d0a-bae1-d16db9433eac', '7ae385b9-5e68-4c36-8451-bbc0045d4487', '発行開示', NULL, NULL, NULL, NULL, 102, 1769533206, 1769533206),
('ae377883-2f30-4c8d-8ae9-ed0f26043db2', '7ae385b9-5e68-4c36-8451-bbc0045d4487', '流通開示', NULL, NULL, NULL, NULL, 103, 1769533206, 1769533206),
('c7056b16-5f1b-44cb-bf7d-7b4b066da3e6', '7ae385b9-5e68-4c36-8451-bbc0045d4487', '結合開示', NULL, NULL, NULL, NULL, 104, 1769533206, 1769533206),
('9215c03e-1fa5-4982-a60b-6f46314a876c', '7ae385b9-5e68-4c36-8451-bbc0045d4487', '直接開示', NULL, NULL, NULL, NULL, 105, 1769533206, 1769533206),
('e5d66943-4aa7-407e-9884-58377bb5fdd7', '7ae385b9-5e68-4c36-8451-bbc0045d4487', '間接開示', NULL, NULL, NULL, NULL, 106, 1769533206, 1769533206),
('80a8980e-dc48-4ed9-903e-85b1e59657b4', '7ae385b9-5e68-4c36-8451-bbc0045d4487', '内部統制報告制度', NULL, NULL, NULL, NULL, 107, 1769533206, 1769533206),
('438aa8fa-4084-4425-96be-87f6b332b514', '7ae385b9-5e68-4c36-8451-bbc0045d4487', '自己株券買付状況報告書', NULL, NULL, NULL, NULL, 108, 1769533206, 1769533206),
('ffd63103-b52f-4010-8354-1e7c77dfe97a', '7ae385b9-5e68-4c36-8451-bbc0045d4487', '適時開示', NULL, NULL, NULL, NULL, 109, 1769533206, 1769533206),
('35b888b8-6751-4ca5-aec2-683cc4d99937', '53fb94a5-a916-4689-8873-2306d744134a', '公開買付規制の意義', NULL, NULL, NULL, NULL, 110, 1769533206, 1769533206),
('700e7cf3-d5de-476a-9823-2a5e06ee64a0', '53fb94a5-a916-4689-8873-2306d744134a', '公開買付けの手続', NULL, NULL, NULL, NULL, 111, 1769533206, 1769533206),
('cba6b099-a98d-4ef6-a119-3217f7f72b27', '53fb94a5-a916-4689-8873-2306d744134a', '公開買付けと行為規制', NULL, NULL, NULL, NULL, 112, 1769533206, 1769533206),
('2423d3bf-780e-48d8-b4bc-bd021dae3c80', 'd939a1ef-5d2d-4782-96da-3a053346bee6', '大量保有報告制度の意義', NULL, NULL, NULL, NULL, 113, 1769533206, 1769533206),
('56904bf7-4a40-4a12-8641-f0c60729c1b8', '642fb83d-11f5-42c9-89a4-79706a6735eb', '開示用電子情報処理組織による手続の特例等', NULL, NULL, NULL, NULL, 114, 1769533206, 1769533206),
('2d8dc10e-a7be-48bc-8587-0bd8c135d580', '0ad8ee3e-11a7-4104-9b96-b734fdde6516', '特定勧誘等', NULL, NULL, NULL, NULL, 115, 1769533206, 1769533206),
('2ada7dbb-1db3-48b8-acbf-86110878d1f6', '0ad8ee3e-11a7-4104-9b96-b734fdde6516', '特定証券情報', NULL, NULL, NULL, NULL, 116, 1769533206, 1769533206),
('d2b21982-b4d4-4074-bc1b-fc1cfabf0672', 'e71a76cf-b395-4518-9b12-fd2c034364e8', '民事責任', NULL, NULL, NULL, NULL, 117, 1769533206, 1769533206),
('e6d10ea8-e982-428d-b8d7-948b25ee0a51', 'e71a76cf-b395-4518-9b12-fd2c034364e8', '刑事責任', NULL, NULL, NULL, NULL, 118, 1769533206, 1769533206),
('5452c262-f461-49ba-89b7-6ac6509396b4', 'e71a76cf-b395-4518-9b12-fd2c034364e8', '行政処分', NULL, NULL, NULL, NULL, 119, 1769533206, 1769533206),
('20278e15-877c-48e6-8ad2-ddcc1095f0ce', '94822094-72c2-4679-bf53-ed5b8904afe1', '権利能力平等の原則', NULL, NULL, NULL, NULL, 0, 1769533206, 1769533206),
('3071d77e-2b6c-4167-8199-3314ad675816', '94822094-72c2-4679-bf53-ed5b8904afe1', '所有権絶対の原則', NULL, NULL, NULL, NULL, 1, 1769533206, 1769533206),
('e57796a0-4a77-410d-a877-5306dce49c2b', '94822094-72c2-4679-bf53-ed5b8904afe1', '私的自治の原則', NULL, NULL, NULL, NULL, 2, 1769533206, 1769533206),
('4a96f2cb-49d0-41b0-96dc-8d90fbba99ef', '94822094-72c2-4679-bf53-ed5b8904afe1', '過失責任主義', NULL, NULL, NULL, NULL, 3, 1769533206, 1769533206),
('187f478b-b809-49b9-8995-7c0c5bf964df', '639236ea-d555-43a7-be7e-201f70985253', '公共の福祉', NULL, NULL, NULL, NULL, 4, 1769533206, 1769533206),
('0eaa23f5-40c3-41b1-b5cc-594b70d5cfaf', '639236ea-d555-43a7-be7e-201f70985253', '信義誠実の原則', NULL, NULL, NULL, NULL, 5, 1769533206, 1769533206),
('dcb62e92-30be-4e93-9a92-086fe4b61084', '639236ea-d555-43a7-be7e-201f70985253', '権利濫用の禁止', NULL, NULL, NULL, NULL, 6, 1769533206, 1769533206),
('c10aa43e-1bfc-4d6d-9e99-0a39454483fe', '5ba94742-991e-405e-b55f-8d572bccde67', '権利能力', NULL, NULL, NULL, NULL, 7, 1769533206, 1769533206),
('ef436048-4260-4227-bf03-fcdb70246a7e', '5ba94742-991e-405e-b55f-8d572bccde67', '意思能力', NULL, NULL, NULL, NULL, 8, 1769533206, 1769533206),
('76c11bef-33be-4a44-a939-06dfa4890e1d', '5ba94742-991e-405e-b55f-8d572bccde67', '行為能力', NULL, NULL, NULL, NULL, 9, 1769533206, 1769533206),
('4ce84c83-29cf-4e63-9a7d-df41f987f05f', '5ba94742-991e-405e-b55f-8d572bccde67', '住所', NULL, NULL, NULL, NULL, 10, 1769533206, 1769533206),
('f9d2bd91-4a1e-4b38-8669-958962c8dd5c', '5ba94742-991e-405e-b55f-8d572bccde67', '不在者の財産管理', NULL, NULL, NULL, NULL, 11, 1769533206, 1769533206),
('b31bdd27-ab0f-4239-90a8-6ce92160f78d', '5ba94742-991e-405e-b55f-8d572bccde67', '失踪宣告', NULL, NULL, NULL, NULL, 12, 1769533206, 1769533206),
('063d7216-3c1f-412f-8ad4-27a8654a9e5c', '5ba94742-991e-405e-b55f-8d572bccde67', '一般社団法人・一般財団法人', NULL, NULL, NULL, NULL, 13, 1769533206, 1769533206),
('99ed6d32-370b-478b-aa43-6686a829a19f', '5ba94742-991e-405e-b55f-8d572bccde67', '法人の能力', NULL, NULL, NULL, NULL, 14, 1769533206, 1769533206),
('ab5b4b5e-f0dd-4757-add7-36072af1ffd9', '5ba94742-991e-405e-b55f-8d572bccde67', '法人の不法行為能力', NULL, NULL, NULL, NULL, 15, 1769533206, 1769533206),
('acdc3056-64f2-404e-ba35-09a7fd2c3dfd', '5ba94742-991e-405e-b55f-8d572bccde67', '権利能力なき社団', NULL, NULL, NULL, NULL, 16, 1769533206, 1769533206),
('8a0e417a-e35f-465c-bd0f-929547dc50ad', '5ba94742-991e-405e-b55f-8d572bccde67', '法人格否認の法理', NULL, NULL, NULL, NULL, 17, 1769533206, 1769533206),
('1ad9c7a5-7e01-4c4b-9555-7ee0add3e094', '560358f3-81a7-4038-889b-84c001f82298', '物', NULL, NULL, NULL, NULL, 18, 1769533206, 1769533206),
('adfc9b40-59e4-412e-988b-27365c123057', '560358f3-81a7-4038-889b-84c001f82298', '不動産', NULL, NULL, NULL, NULL, 19, 1769533206, 1769533206),
('7b6db1f1-3778-4d27-971f-d64e39ca32a0', '560358f3-81a7-4038-889b-84c001f82298', '動産', NULL, NULL, NULL, NULL, 20, 1769533206, 1769533206),
('207ad0ed-b27c-44a6-afe3-fb26b136a25f', '560358f3-81a7-4038-889b-84c001f82298', '主物', NULL, NULL, NULL, NULL, 21, 1769533206, 1769533206),
('f0151d0d-810f-47ed-a3f5-d87988ee7f48', '560358f3-81a7-4038-889b-84c001f82298', '従物', NULL, NULL, NULL, NULL, 22, 1769533206, 1769533206),
('1ea132ee-4690-402e-ad74-0608d44c1c3e', '560358f3-81a7-4038-889b-84c001f82298', '果実', NULL, NULL, NULL, NULL, 23, 1769533206, 1769533206),
('97f6661b-a080-401f-910e-8ab638222303', '4b64dedb-311a-4501-9d1a-f063c5d45710', '法律行為', NULL, NULL, NULL, NULL, 24, 1769533206, 1769533206),
('59eff06b-eda8-43d1-b757-454db290ffba', '4b64dedb-311a-4501-9d1a-f063c5d45710', '意思表示', NULL, NULL, NULL, NULL, 25, 1769533206, 1769533206),
('714884ec-057a-49cc-884a-b3bdd1ba5489', '4b64dedb-311a-4501-9d1a-f063c5d45710', '公序良俗', NULL, NULL, NULL, NULL, 26, 1769533206, 1769533206),
('e39aae9e-b515-4abf-b9bf-c191ea10595b', '4b64dedb-311a-4501-9d1a-f063c5d45710', '心裡留保', NULL, NULL, NULL, NULL, 27, 1769533206, 1769533206),
('8c92b6a5-8d9e-4998-ac28-1228447e6ffa', '4b64dedb-311a-4501-9d1a-f063c5d45710', '虚偽表示', NULL, NULL, NULL, NULL, 28, 1769533206, 1769533206),
('ef09f863-f4d8-414c-8cf6-05c664b2420d', '4b64dedb-311a-4501-9d1a-f063c5d45710', '錯誤', NULL, NULL, NULL, NULL, 29, 1769533206, 1769533206);

INSERT INTO topics (id, category_id, name, description, difficulty, topic_type, ai_system_prompt, display_order, created_at, updated_at) VALUES
('1df9d802-5e29-45fa-ab22-88b74c1abda2', '4b64dedb-311a-4501-9d1a-f063c5d45710', '詐欺', NULL, NULL, NULL, NULL, 30, 1769533206, 1769533206),
('e5ec78c5-3228-46ac-a2ee-fbefed2a14ae', '4b64dedb-311a-4501-9d1a-f063c5d45710', '強迫', NULL, NULL, NULL, NULL, 31, 1769533206, 1769533206),
('7d1275cf-2c12-44bf-b9cf-28a4d64f87af', '4b64dedb-311a-4501-9d1a-f063c5d45710', '誤認', NULL, NULL, NULL, NULL, 32, 1769533206, 1769533206),
('a614ec57-d538-4677-bbb9-871753a3066c', '4b64dedb-311a-4501-9d1a-f063c5d45710', '困惑', NULL, NULL, NULL, NULL, 33, 1769533206, 1769533206),
('347f377f-883e-413c-8783-d417688f1612', '4b64dedb-311a-4501-9d1a-f063c5d45710', '不当条項', NULL, NULL, NULL, NULL, 34, 1769533206, 1769533206),
('b60e5cb6-2db4-4732-b3e2-5917683bc757', '4b64dedb-311a-4501-9d1a-f063c5d45710', '無効', NULL, NULL, NULL, NULL, 35, 1769533206, 1769533206),
('205452e1-825d-463d-a976-5a244eb1b199', '4b64dedb-311a-4501-9d1a-f063c5d45710', '取消し', NULL, NULL, NULL, NULL, 36, 1769533206, 1769533206),
('1f18844a-56c2-420e-a6a4-faf0f8ab2f80', '4b64dedb-311a-4501-9d1a-f063c5d45710', '条件', NULL, NULL, NULL, NULL, 37, 1769533206, 1769533206),
('55fb8800-e39f-4330-9bff-9d4453de7512', '4b64dedb-311a-4501-9d1a-f063c5d45710', '期限', NULL, NULL, NULL, NULL, 38, 1769533206, 1769533206),
('6a0c84a7-9f99-444f-a5c8-c826bc4ebb5a', '4b64dedb-311a-4501-9d1a-f063c5d45710', '期間の計算', NULL, NULL, NULL, NULL, 39, 1769533206, 1769533206),
('71a2be96-b2c2-4e7a-b4d6-be37bb03d0cd', '82931c56-f6db-4091-bfc2-f33c97ebe97b', '自己契約', NULL, NULL, NULL, NULL, 40, 1769533206, 1769533206),
('598949bd-7db1-4700-98d8-2dfc9e64c698', '82931c56-f6db-4091-bfc2-f33c97ebe97b', '双方代理', NULL, NULL, NULL, NULL, 41, 1769533206, 1769533206),
('93ee46d3-636e-4c98-b357-d44fd76f94ab', '82931c56-f6db-4091-bfc2-f33c97ebe97b', '利益相反行為', NULL, NULL, NULL, NULL, 42, 1769533206, 1769533206),
('13729879-1fd9-4425-9612-d11c84e95d36', '82931c56-f6db-4091-bfc2-f33c97ebe97b', '代理権の濫用', NULL, NULL, NULL, NULL, 43, 1769533206, 1769533206),
('f9360337-cdba-4dff-9c5f-d8a8aee80d9e', '82931c56-f6db-4091-bfc2-f33c97ebe97b', '表見代理', NULL, NULL, NULL, NULL, 44, 1769533206, 1769533206),
('8bfbfd73-7388-4d30-ae3b-d350c56c9fc3', '82931c56-f6db-4091-bfc2-f33c97ebe97b', '無権代理', NULL, NULL, NULL, NULL, 45, 1769533206, 1769533206),
('a92bdd42-f56a-4d22-a7e6-11fed387a6cf', '243d7955-6cc6-4270-bf13-4de2f8baf1b4', '援用', NULL, NULL, NULL, NULL, 46, 1769533206, 1769533206),
('5a24692c-c4dd-4548-b590-cbc000a053d9', '243d7955-6cc6-4270-bf13-4de2f8baf1b4', '完成猶予', NULL, NULL, NULL, NULL, 47, 1769533206, 1769533206),
('04f2b2eb-cb59-41ed-8bf4-a28e96c462a8', '243d7955-6cc6-4270-bf13-4de2f8baf1b4', '更新', NULL, NULL, NULL, NULL, 48, 1769533206, 1769533206),
('c2e6102b-aff2-4940-ad7b-0c5c1b6a8c51', '243d7955-6cc6-4270-bf13-4de2f8baf1b4', '取得時効', NULL, NULL, NULL, NULL, 49, 1769533206, 1769533206),
('3c720aaf-45c7-4b5b-ad63-8d90099510d9', '243d7955-6cc6-4270-bf13-4de2f8baf1b4', '消滅時効', NULL, NULL, NULL, NULL, 50, 1769533206, 1769533206),
('57b732a0-0ca6-45bc-bd0c-7defc0d3209b', '243d7955-6cc6-4270-bf13-4de2f8baf1b4', '除斥期間', NULL, NULL, NULL, NULL, 51, 1769533206, 1769533206),
('3c4b6187-5a0e-4e6d-96bc-c384757506c3', '4a235d63-453c-48f6-ac1c-4cfa34052d7b', '物権法定主義', NULL, NULL, NULL, NULL, 52, 1769533206, 1769533206),
('b2a9e51e-2949-4c9e-b7ad-00c2ddb0bf73', '4a235d63-453c-48f6-ac1c-4cfa34052d7b', '物権の効力', NULL, NULL, NULL, NULL, 53, 1769533206, 1769533206),
('6b4a1a17-7742-47ec-8a57-848f975dbc74', 'a1726ec3-1142-4cd0-97c4-a7d2b1c058b0', '意思主義', NULL, NULL, NULL, NULL, 54, 1769533206, 1769533206),
('d88147cf-1c10-47b8-8e32-8c8693046264', 'a1726ec3-1142-4cd0-97c4-a7d2b1c058b0', '対抗要件', NULL, NULL, NULL, NULL, 55, 1769533206, 1769533206),
('17a820f6-479e-4322-88b4-549827d395f4', 'a1726ec3-1142-4cd0-97c4-a7d2b1c058b0', '不動産登記制度', NULL, NULL, NULL, NULL, 56, 1769533206, 1769533206),
('96dec9c1-4ee4-459e-a98d-47526f74c804', 'a1726ec3-1142-4cd0-97c4-a7d2b1c058b0', '不動産物権変動', NULL, NULL, NULL, NULL, 57, 1769533206, 1769533206),
('dfb6f2e6-5b51-401e-b4ac-8e61554c7f75', 'a1726ec3-1142-4cd0-97c4-a7d2b1c058b0', '動産物権変動', NULL, NULL, NULL, NULL, 58, 1769533206, 1769533206),
('7a6bc589-785e-4da3-8e66-db1db6f8faac', 'a1726ec3-1142-4cd0-97c4-a7d2b1c058b0', '混同', NULL, NULL, NULL, NULL, 59, 1769533206, 1769533206),
('366d0b90-741f-4e10-b261-b8de51526c01', 'bbe5084c-ea60-4941-bf8d-e5eb79188944', '占有の態様', NULL, NULL, NULL, NULL, 60, 1769533206, 1769533206),
('6425823a-1443-4763-a274-2cc477038293', 'bbe5084c-ea60-4941-bf8d-e5eb79188944', '占有訴権', NULL, NULL, NULL, NULL, 61, 1769533206, 1769533206),
('691a3064-94dd-4a2f-b050-d5d59cbc165b', 'bbe5084c-ea60-4941-bf8d-e5eb79188944', '即時取得', NULL, NULL, NULL, NULL, 62, 1769533206, 1769533206),
('910407fc-e8aa-4a45-beef-f308749e3d3a', '913e0b73-aa7c-45d7-af95-8d985190f93d', '相隣関係', NULL, NULL, NULL, NULL, 63, 1769533206, 1769533206),
('e4f1d4e8-0d18-405a-90d2-50d53cfc9f58', '913e0b73-aa7c-45d7-af95-8d985190f93d', '所有権の原始取得', NULL, NULL, NULL, NULL, 64, 1769533206, 1769533206),
('800d76b6-26b7-436e-a243-e8ee109e3c3e', '913e0b73-aa7c-45d7-af95-8d985190f93d', '共有', NULL, NULL, NULL, NULL, 65, 1769533206, 1769533206),
('b17c070b-ae8e-4100-a4ab-3881cbb55be4', '913e0b73-aa7c-45d7-af95-8d985190f93d', '合有', NULL, NULL, NULL, NULL, 66, 1769533206, 1769533206),
('a2d64087-80b8-4fdb-9b52-48b1be69435b', '913e0b73-aa7c-45d7-af95-8d985190f93d', '総有', NULL, NULL, NULL, NULL, 67, 1769533206, 1769533206),
('97aa2f5f-3da5-4ce3-9e79-63556e8ab2ea', '913e0b73-aa7c-45d7-af95-8d985190f93d', '所有者不明土地等管理制度', NULL, NULL, NULL, NULL, 68, 1769533206, 1769533206),
('5fe699d7-f84b-48ef-a3eb-14e4b4bc3ab9', '438913ad-a400-4d3d-9c0a-c618ea18ad8f', '地上権', NULL, NULL, NULL, NULL, 69, 1769533206, 1769533206),
('b6e2fd38-e3d7-40c8-a7bc-1578337f1d68', '438913ad-a400-4d3d-9c0a-c618ea18ad8f', '永小作権', NULL, NULL, NULL, NULL, 70, 1769533206, 1769533206),
('df4192be-4113-4c40-8621-3f8f013b275a', '438913ad-a400-4d3d-9c0a-c618ea18ad8f', '地役権', NULL, NULL, NULL, NULL, 71, 1769533206, 1769533206),
('37e8b6de-2176-45a8-960f-6a9f5dac204b', '438913ad-a400-4d3d-9c0a-c618ea18ad8f', '入会権', NULL, NULL, NULL, NULL, 72, 1769533206, 1769533206),
('a0fe4a74-fae7-454b-b1e6-bb520f00d28a', 'c29af28d-3417-4dfb-8dfa-af6de487b7be', '留置権', NULL, NULL, NULL, NULL, 73, 1769533206, 1769533206),
('e38425f2-d80e-4fa0-a2e8-12a51c20b911', 'c29af28d-3417-4dfb-8dfa-af6de487b7be', '先取特権', NULL, NULL, NULL, NULL, 74, 1769533206, 1769533206),
('93bbea5a-450b-4690-872d-8e33c5f48dc2', '4458d2b3-922d-4274-8f5b-32c336c8b2d3', '質権', NULL, NULL, NULL, NULL, 75, 1769533206, 1769533206),
('0c6ca1f6-b43e-47d0-b85e-2bf4b132a69b', '4458d2b3-922d-4274-8f5b-32c336c8b2d3', '抵当権', NULL, NULL, NULL, NULL, 76, 1769533206, 1769533206),
('39eba118-fc18-4338-8f52-d86848afac63', '4458d2b3-922d-4274-8f5b-32c336c8b2d3', '根抵当権', NULL, NULL, NULL, NULL, 77, 1769533206, 1769533206),
('5597f6fc-43f7-4a69-a885-fa25bf1d5b46', '690d1065-76b8-412a-b113-c560242cc4cf', '仮登記担保', NULL, NULL, NULL, NULL, 78, 1769533206, 1769533206),
('b5226d94-5072-4645-8c5d-aa310a6da8be', '690d1065-76b8-412a-b113-c560242cc4cf', '譲渡担保', NULL, NULL, NULL, NULL, 79, 1769533206, 1769533206);

INSERT INTO topics (id, category_id, name, description, difficulty, topic_type, ai_system_prompt, display_order, created_at, updated_at) VALUES
('4064a1f4-7fb9-4d2b-af12-24faa6446883', '690d1065-76b8-412a-b113-c560242cc4cf', '所有権留保', NULL, NULL, NULL, NULL, 80, 1769533206, 1769533206),
('c5eee8c8-24da-4baa-a441-8285a392c078', 'ed551b07-fac2-4491-8618-a5b6c08c97f0', '特定物債権', NULL, NULL, NULL, NULL, 81, 1769533206, 1769533206),
('30dce14b-1905-40a1-a6c3-cd70496319fc', 'ed551b07-fac2-4491-8618-a5b6c08c97f0', '種類債権', NULL, NULL, NULL, NULL, 82, 1769533206, 1769533206),
('0914346c-f0b0-4ffe-996c-819c53948133', 'ed551b07-fac2-4491-8618-a5b6c08c97f0', '金銭債権', NULL, NULL, NULL, NULL, 83, 1769533206, 1769533206),
('a9a5b807-7383-4086-a14b-107b3a377e8b', 'ed551b07-fac2-4491-8618-a5b6c08c97f0', '利息債権', NULL, NULL, NULL, NULL, 84, 1769533206, 1769533206),
('8675bcd5-687d-4d73-b025-5b907627534e', 'ed551b07-fac2-4491-8618-a5b6c08c97f0', '法定利率', NULL, NULL, NULL, NULL, 85, 1769533206, 1769533206),
('d9cafe4a-148a-4fdf-9bbe-5795293dc4ed', 'ed551b07-fac2-4491-8618-a5b6c08c97f0', '選択債権', NULL, NULL, NULL, NULL, 86, 1769533206, 1769533206),
('64399cff-d0b6-43bf-9554-3115e7c59f31', '076cebe8-0958-4fa0-a3a1-66f591d91104', '債務不履行', NULL, NULL, NULL, NULL, 87, 1769533206, 1769533206),
('f74b8aef-dd36-40f2-988c-b8460a49bc32', '076cebe8-0958-4fa0-a3a1-66f591d91104', '受領遅滞', NULL, NULL, NULL, NULL, 88, 1769533206, 1769533206),
('237ed910-24be-43c9-80dd-50aeb528a39d', '076cebe8-0958-4fa0-a3a1-66f591d91104', '履行の強制', NULL, NULL, NULL, NULL, 89, 1769533206, 1769533206),
('15df361a-7f76-4bc7-b600-dc37c0e2e45f', '076cebe8-0958-4fa0-a3a1-66f591d91104', '損害賠償', NULL, NULL, NULL, NULL, 90, 1769533206, 1769533206),
('85254066-eb5f-4fef-ade5-8b19b310e438', '076cebe8-0958-4fa0-a3a1-66f591d91104', '損害賠償の範囲', NULL, NULL, NULL, NULL, 91, 1769533206, 1769533206),
('27286d91-f13e-4861-94d2-54e24f90caa4', '076cebe8-0958-4fa0-a3a1-66f591d91104', '中間利息の控除', NULL, NULL, NULL, NULL, 92, 1769533206, 1769533206),
('fd7baf3b-33a9-4870-b4e9-80b73a5e2f85', '076cebe8-0958-4fa0-a3a1-66f591d91104', '過失相殺', NULL, NULL, NULL, NULL, 93, 1769533206, 1769533206),
('3eae057d-4138-4eb2-9e2e-1e99813322b4', '076cebe8-0958-4fa0-a3a1-66f591d91104', '金銭債務の特則', NULL, NULL, NULL, NULL, 94, 1769533206, 1769533206),
('f6f6452b-d96a-4033-927c-005c8743b24b', '076cebe8-0958-4fa0-a3a1-66f591d91104', '賠償額の予定', NULL, NULL, NULL, NULL, 95, 1769533206, 1769533206),
('2c2e4684-7ed6-4648-85d8-9bc9b4eee7e3', '076cebe8-0958-4fa0-a3a1-66f591d91104', '損害賠償による代位', NULL, NULL, NULL, NULL, 96, 1769533206, 1769533206),
('2e224c1a-ca1b-44f7-80c3-17cc838052f7', '076cebe8-0958-4fa0-a3a1-66f591d91104', '代償請求権', NULL, NULL, NULL, NULL, 97, 1769533206, 1769533206),
('569bbbb2-387d-40c5-ab3b-2eecc70d9a7d', '6d6674dd-32bc-4141-bea6-a41621cab3c4', '債権者代位権・詐害行為取消権', NULL, NULL, NULL, NULL, 98, 1769533206, 1769533206),
('48da6e7d-7b0d-4060-be5a-e675d66bf7f9', '6493651c-a618-4c5e-be22-a03be592db17', '分割債権', NULL, NULL, NULL, NULL, 99, 1769533206, 1769533206),
('f0d89c98-1894-43e7-98a1-8407ad75319f', '6493651c-a618-4c5e-be22-a03be592db17', '分割債務', NULL, NULL, NULL, NULL, 100, 1769533206, 1769533206),
('c81bbe78-ebc7-4e45-a051-a9052673dbe7', '6493651c-a618-4c5e-be22-a03be592db17', '不可分債権', NULL, NULL, NULL, NULL, 101, 1769533206, 1769533206),
('a13fec0b-6cd6-4abc-b725-597838b454fa', '6493651c-a618-4c5e-be22-a03be592db17', '不可分債務', NULL, NULL, NULL, NULL, 102, 1769533206, 1769533206),
('d1a5ac39-d9bd-4b51-a1f2-0d83f847511b', '6493651c-a618-4c5e-be22-a03be592db17', '連帯債権', NULL, NULL, NULL, NULL, 103, 1769533206, 1769533206),
('dbb5ed1b-5019-44a1-9ee3-8db9b2d09fa8', '6493651c-a618-4c5e-be22-a03be592db17', '連帯債務', NULL, NULL, NULL, NULL, 104, 1769533206, 1769533206),
('7ac54a75-4d2b-43cd-8c66-1625ebddede4', '6493651c-a618-4c5e-be22-a03be592db17', '保証債務', NULL, NULL, NULL, NULL, 105, 1769533206, 1769533206),
('46ae511f-bd6a-4fc8-abcd-ad7bc7382591', '6493651c-a618-4c5e-be22-a03be592db17', '個人根保証契約', NULL, NULL, NULL, NULL, 106, 1769533206, 1769533206),
('51a3bb61-5c4e-44bd-b2cb-92d43d483211', '8d8ac61f-6ad2-4704-8c32-1aa914856f11', '債権譲渡・債務引受', NULL, NULL, NULL, NULL, 107, 1769533206, 1769533206),
('bd9c3541-44cb-4e84-912b-69316eb733bb', '15ba8277-8b44-4ea0-a3de-b0ce4f5b8b1b', '弁済', NULL, NULL, NULL, NULL, 108, 1769533206, 1769533206),
('61dd2cde-c74a-4d17-9fec-90fce5edc3b8', '15ba8277-8b44-4ea0-a3de-b0ce4f5b8b1b', '代物弁済', NULL, NULL, NULL, NULL, 109, 1769533206, 1769533206),
('4362667c-85e3-4f38-ba9e-e09681e4576d', '15ba8277-8b44-4ea0-a3de-b0ce4f5b8b1b', '弁済の充当', NULL, NULL, NULL, NULL, 110, 1769533206, 1769533206),
('4ce4789d-b9f1-4b9e-84b2-391c32bce92a', '15ba8277-8b44-4ea0-a3de-b0ce4f5b8b1b', '弁済の提供', NULL, NULL, NULL, NULL, 111, 1769533206, 1769533206),
('a991510c-7d8d-4baf-8833-67afac069b1c', '15ba8277-8b44-4ea0-a3de-b0ce4f5b8b1b', '供託', NULL, NULL, NULL, NULL, 112, 1769533206, 1769533206),
('80ec9e95-aeab-4f83-a571-6a0fc0748ff5', '15ba8277-8b44-4ea0-a3de-b0ce4f5b8b1b', '弁済による代位', NULL, NULL, NULL, NULL, 113, 1769533206, 1769533206),
('4feb4473-52f4-4e6b-950a-9ecb0588e8d3', '15ba8277-8b44-4ea0-a3de-b0ce4f5b8b1b', '相殺', NULL, NULL, NULL, NULL, 114, 1769533206, 1769533206),
('acfcf165-1029-4397-a58f-35a45d1bbecd', '15ba8277-8b44-4ea0-a3de-b0ce4f5b8b1b', '更改', NULL, NULL, NULL, NULL, 115, 1769533206, 1769533206),
('07117661-e522-47ea-81ab-1a14cf9603bd', '15ba8277-8b44-4ea0-a3de-b0ce4f5b8b1b', '免除', NULL, NULL, NULL, NULL, 116, 1769533206, 1769533206),
('adb2a931-c1a9-4cd4-ae69-cb617ad84da2', '15ba8277-8b44-4ea0-a3de-b0ce4f5b8b1b', '混同', NULL, NULL, NULL, NULL, 117, 1769533206, 1769533206),
('145a3033-6d8c-4f32-8448-cdc82c17a00c', 'bec38e62-679c-49e7-b65e-708095eb2fed', '指図証券', NULL, NULL, NULL, NULL, 118, 1769533206, 1769533206),
('a3217541-b17c-48b0-8fd8-cd9cfd61f617', 'bec38e62-679c-49e7-b65e-708095eb2fed', '記名式所持人払証券', NULL, NULL, NULL, NULL, 119, 1769533206, 1769533206),
('a898b7de-e238-441d-8388-5b65676a7bac', 'bec38e62-679c-49e7-b65e-708095eb2fed', '無記名証券', NULL, NULL, NULL, NULL, 120, 1769533206, 1769533206),
('b5b00238-7982-418e-b15a-cd87baea2266', '66d24ece-1af0-4208-a780-8b0e7dcf52dc', '締結及び内容の自由', NULL, NULL, NULL, NULL, 121, 1769533206, 1769533206),
('a0d1ffc9-d12a-40f4-99aa-5e46986284c6', '66d24ece-1af0-4208-a780-8b0e7dcf52dc', '方式の自由', NULL, NULL, NULL, NULL, 122, 1769533206, 1769533206),
('76ad26b5-7639-401f-9639-99df4a404ed7', '66d24ece-1af0-4208-a780-8b0e7dcf52dc', '申込みと承諾', NULL, NULL, NULL, NULL, 123, 1769533206, 1769533206),
('c744feb7-d5f4-4a17-8fd1-353c60dd2809', '66d24ece-1af0-4208-a780-8b0e7dcf52dc', '懸賞広告', NULL, NULL, NULL, NULL, 124, 1769533206, 1769533206),
('ce62b8d7-9bbf-4d92-9727-e5918916b66d', '66d24ece-1af0-4208-a780-8b0e7dcf52dc', '契約締結上の過失', NULL, NULL, NULL, NULL, 125, 1769533206, 1769533206),
('ecb34631-2fa8-48b4-ba96-81a8e049c0a2', 'eefbd431-6c7f-46dc-b5d3-ddd449e275ab', '同時履行の抗弁', NULL, NULL, NULL, NULL, 126, 1769533206, 1769533206),
('d4954b67-381a-43bd-a716-85bc222238aa', 'eefbd431-6c7f-46dc-b5d3-ddd449e275ab', '危険負担', NULL, NULL, NULL, NULL, 127, 1769533206, 1769533206),
('471ac392-9eb4-40a5-890d-cbb81c4cbcb5', 'eefbd431-6c7f-46dc-b5d3-ddd449e275ab', '第三者のためにする契約', NULL, NULL, NULL, NULL, 128, 1769533206, 1769533206),
('965b98ba-0856-4096-af85-53be9c5d1d49', 'eefbd431-6c7f-46dc-b5d3-ddd449e275ab', '契約上の地位の移転', NULL, NULL, NULL, NULL, 129, 1769533206, 1769533206);

INSERT INTO topics (id, category_id, name, description, difficulty, topic_type, ai_system_prompt, display_order, created_at, updated_at) VALUES
('2a8f55be-612f-4178-812e-7787816dd7d2', 'e84d1dd9-6bed-413b-b207-529ace61a548', '催告による解除', NULL, NULL, NULL, NULL, 130, 1769533206, 1769533206),
('26dac6ec-e671-40a4-ad02-e8c967a1a0c3', 'e84d1dd9-6bed-413b-b207-529ace61a548', '催告によらない解除', NULL, NULL, NULL, NULL, 131, 1769533206, 1769533206),
('783f522c-20dc-47fa-9fd5-e098a90ad3e1', 'e84d1dd9-6bed-413b-b207-529ace61a548', '解除の効果', NULL, NULL, NULL, NULL, 132, 1769533206, 1769533206),
('0a0539bb-b43f-48bd-9655-a1d795cf8196', 'e84d1dd9-6bed-413b-b207-529ace61a548', '解除権の消滅', NULL, NULL, NULL, NULL, 133, 1769533206, 1769533206),
('a0da23a8-833c-4f68-84df-3a538045324b', '584e57df-3847-4409-a0eb-2e83b90a9f56', '定型約款', NULL, NULL, NULL, NULL, 134, 1769533206, 1769533206),
('57c88727-c599-4522-8f8f-3c6de2ce1905', 'a71d0569-3f44-4c18-a708-db26651bc45b', '贈与', NULL, NULL, NULL, NULL, 135, 1769533206, 1769533206),
('7d882a24-7bab-4123-a71e-2c379ff420a6', 'a71d0569-3f44-4c18-a708-db26651bc45b', '売買', NULL, NULL, NULL, NULL, 136, 1769533206, 1769533206),
('77e76ddc-9aa5-4197-9d72-6394abd0e9f5', 'a71d0569-3f44-4c18-a708-db26651bc45b', '交換', NULL, NULL, NULL, NULL, 137, 1769533206, 1769533206),
('ba2b5ffe-a4f0-4223-90b0-41186f74f97c', 'a71d0569-3f44-4c18-a708-db26651bc45b', '消費貸借', NULL, NULL, NULL, NULL, 138, 1769533206, 1769533206),
('666e7070-77b8-4c9e-8e5a-d48d76494916', 'a71d0569-3f44-4c18-a708-db26651bc45b', '使用貸借', NULL, NULL, NULL, NULL, 139, 1769533206, 1769533206),
('ac49be18-ce77-42b2-ba38-e4b1ad602dad', 'a71d0569-3f44-4c18-a708-db26651bc45b', '賃貸借', NULL, NULL, NULL, NULL, 140, 1769533206, 1769533206),
('d9c89a36-fa66-46d0-80f4-3784d1ca2174', 'a71d0569-3f44-4c18-a708-db26651bc45b', '雇用', NULL, NULL, NULL, NULL, 141, 1769533206, 1769533206),
('32cec746-d9c4-4dac-bdf9-e5192347847f', 'a71d0569-3f44-4c18-a708-db26651bc45b', '請負', NULL, NULL, NULL, NULL, 142, 1769533206, 1769533206),
('e91fb40e-72e4-4da7-b629-d5612314d02a', 'a71d0569-3f44-4c18-a708-db26651bc45b', '委任', NULL, NULL, NULL, NULL, 143, 1769533206, 1769533206),
('8bd8db5d-605b-4510-8356-f80058c0fa6d', 'a71d0569-3f44-4c18-a708-db26651bc45b', '寄託', NULL, NULL, NULL, NULL, 144, 1769533206, 1769533206),
('7302c673-c9ae-40dd-9489-a31ae40d2710', 'a71d0569-3f44-4c18-a708-db26651bc45b', '組合', NULL, NULL, NULL, NULL, 145, 1769533206, 1769533206),
('68a6dd22-10c2-49cf-a180-3a0073acaa84', 'a71d0569-3f44-4c18-a708-db26651bc45b', '終身定期金', NULL, NULL, NULL, NULL, 146, 1769533206, 1769533206),
('3a64df77-b0e9-42bc-99c2-b89eef247e5d', 'a71d0569-3f44-4c18-a708-db26651bc45b', '和解', NULL, NULL, NULL, NULL, 147, 1769533206, 1769533206),
('a4ad5bf2-d22c-4669-afc7-f3b4b206c3a7', '42880a1b-7ce8-494c-ae6c-0a6b7ff815db', '事務管理', NULL, NULL, NULL, NULL, 148, 1769533206, 1769533206),
('fba96709-97dd-4ee6-8910-0c9f939f66e6', '147318aa-cc3c-43f4-910b-8c1d5251c800', '不当利得の要件', NULL, NULL, NULL, NULL, 149, 1769533206, 1769533206),
('990c3c2b-3c5b-4b65-a9ed-7455f7243d4b', '147318aa-cc3c-43f4-910b-8c1d5251c800', '非債弁済', NULL, NULL, NULL, NULL, 150, 1769533206, 1769533206),
('81d99cff-8ebb-451a-9d8c-f392af7e99f1', '147318aa-cc3c-43f4-910b-8c1d5251c800', '不法原因給付', NULL, NULL, NULL, NULL, 151, 1769533206, 1769533206),
('5fffdaea-ade5-4d83-a4ae-bc379f37d6f9', '44d78627-c58d-4be3-bf9d-47f163470bff', '故意', NULL, NULL, NULL, NULL, 152, 1769533206, 1769533206),
('f1a2f479-57d3-46bf-a41b-3a5f7c3a5d94', '44d78627-c58d-4be3-bf9d-47f163470bff', '過失', NULL, NULL, NULL, NULL, 153, 1769533206, 1769533206),
('f100adef-6ffa-43ee-96d1-2830bf3130c0', '44d78627-c58d-4be3-bf9d-47f163470bff', '権利・利益侵害', NULL, NULL, NULL, NULL, 154, 1769533206, 1769533206),
('f7921d2b-b45c-4e35-9f52-c88c5d60f591', '44d78627-c58d-4be3-bf9d-47f163470bff', '因果関係', NULL, NULL, NULL, NULL, 155, 1769533206, 1769533206),
('addcca0f-e609-4c54-8238-9c104b30b7d2', '44d78627-c58d-4be3-bf9d-47f163470bff', '損害', NULL, NULL, NULL, NULL, 156, 1769533206, 1769533206),
('2fd72f6a-7464-49ad-9a42-994b2885b5c7', '44d78627-c58d-4be3-bf9d-47f163470bff', '責任能力', NULL, NULL, NULL, NULL, 157, 1769533206, 1769533206),
('139a535a-7d29-4c95-a55d-1e7ec13aaeed', '44d78627-c58d-4be3-bf9d-47f163470bff', '責任無能力者の監督義務者の責任', NULL, NULL, NULL, NULL, 158, 1769533206, 1769533206),
('9ecd3136-1164-4d44-a083-f347efb326b2', '44d78627-c58d-4be3-bf9d-47f163470bff', '使用者責任', NULL, NULL, NULL, NULL, 159, 1769533206, 1769533206),
('d095a991-cf4b-41be-aebb-dddde5719682', '44d78627-c58d-4be3-bf9d-47f163470bff', '注文者の責任', NULL, NULL, NULL, NULL, 160, 1769533206, 1769533206),
('d8488703-fbe4-4b86-a405-f9cbe77f3acf', '44d78627-c58d-4be3-bf9d-47f163470bff', '工作物責任', NULL, NULL, NULL, NULL, 161, 1769533206, 1769533206),
('079ef0bd-5227-4319-9c8e-bc25cb209428', '44d78627-c58d-4be3-bf9d-47f163470bff', '動物占有者の責任', NULL, NULL, NULL, NULL, 162, 1769533206, 1769533206),
('c069f127-2a5c-41eb-bb3a-1abc67be4338', '44d78627-c58d-4be3-bf9d-47f163470bff', '共同不法行為', NULL, NULL, NULL, NULL, 163, 1769533206, 1769533206),
('abd18e53-8a0f-4b25-b7cd-9afc07ad227a', '44d78627-c58d-4be3-bf9d-47f163470bff', '正当防衛', NULL, NULL, NULL, NULL, 164, 1769533206, 1769533206),
('7797c07a-6d28-4e58-b886-a0ec85b88f50', '44d78627-c58d-4be3-bf9d-47f163470bff', '緊急避難', NULL, NULL, NULL, NULL, 165, 1769533206, 1769533206),
('3cda4bae-51c0-4375-a06e-1af85393a4a1', '44d78627-c58d-4be3-bf9d-47f163470bff', '中間利息の控除', NULL, NULL, NULL, NULL, 166, 1769533206, 1769533206),
('6663378c-c9bc-4e3e-9708-9b6a65038e69', '44d78627-c58d-4be3-bf9d-47f163470bff', '過失相殺', NULL, NULL, NULL, NULL, 167, 1769533206, 1769533206),
('ad0910b9-1954-4388-9779-c6d69c511893', '44d78627-c58d-4be3-bf9d-47f163470bff', '名誉毀損における原状回復', NULL, NULL, NULL, NULL, 168, 1769533206, 1769533206),
('475b5dbf-e65d-4efd-8965-3a0cb8bb4176', '44d78627-c58d-4be3-bf9d-47f163470bff', '損害賠償請求権の消滅時効', NULL, NULL, NULL, NULL, 169, 1769533206, 1769533206),
('6103549f-64cc-44d5-b9b3-bb9c54d078aa', '44d78627-c58d-4be3-bf9d-47f163470bff', '製造物責任', NULL, NULL, NULL, NULL, 170, 1769533206, 1769533206),
('ce86d870-1acc-4852-a16b-96d941238fb9', '38e0ff8d-479d-44e8-83c1-e38a1596f6a3', '財務報告制度における公認会計士監査の位置付け', NULL, NULL, NULL, NULL, 0, 1769533206, 1769533206),
('2f89dcd1-ef74-4766-96ad-f96f9afe120e', '38e0ff8d-479d-44e8-83c1-e38a1596f6a3', 'コーポレート・ガバナンスに対する公認会計士監査の貢献', NULL, NULL, NULL, NULL, 1, 1769533206, 1769533206),
('fabfa4bd-6fe0-48df-9965-89cda8c0dbd7', '38e0ff8d-479d-44e8-83c1-e38a1596f6a3', '公認会計士監査の歴史', NULL, NULL, NULL, NULL, 2, 1769533206, 1769533206),
('ac0a2716-aaef-42db-9acc-229ed7cf184b', 'c9fa32c3-695c-443a-b0da-38583f5b9817', '公認会計士監査をめぐる基礎的理論', NULL, NULL, NULL, NULL, 3, 1769533206, 1769533206),
('9171a74a-c904-4ff8-9819-bc8498172371', '7e7b6d3d-5d9a-4eaf-a3fb-c37e1950b175', '監査人としての要件と職業倫理', NULL, NULL, NULL, NULL, 4, 1769533206, 1769533206),
('5241b61e-5473-4b98-b7be-8526dd6e8d57', 'e3d059db-455a-41a8-b284-520494ff7345', '公認会計士法', NULL, NULL, NULL, NULL, 5, 1769533206, 1769533206),
('357e41d8-c918-460b-8e20-95c894eb7839', 'e3d059db-455a-41a8-b284-520494ff7345', '金融商品取引法監査制度', NULL, NULL, NULL, NULL, 6, 1769533206, 1769533206),
('9674cf36-478d-4cb4-9672-07dba6338652', 'e3d059db-455a-41a8-b284-520494ff7345', '会社法監査制度', NULL, NULL, NULL, NULL, 7, 1769533206, 1769533206),
('3088e2bc-f29a-47cc-8370-5e28f39441dd', '1fbcea2b-21f3-4f23-ab41-2b0230f4a519', '監査基準生成の歴史的経緯', NULL, NULL, NULL, NULL, 8, 1769533206, 1769533206);

INSERT INTO topics (id, category_id, name, description, difficulty, topic_type, ai_system_prompt, display_order, created_at, updated_at) VALUES
('10fb3eec-af7b-4268-9574-44280d8ab435', '1fbcea2b-21f3-4f23-ab41-2b0230f4a519', '監査基準の意義と役割', NULL, NULL, NULL, NULL, 9, 1769533206, 1769533206),
('56164ed0-20ff-4a88-8b8c-029c841b09bf', '0472dcca-fd63-467d-8fbf-bbce8cdca1b3', '一般目的の財務諸表の監査の目的', NULL, NULL, NULL, NULL, 10, 1769533206, 1769533206),
('e10c2159-420d-4ff1-ba8a-b3131b2a9456', '0472dcca-fd63-467d-8fbf-bbce8cdca1b3', '重要な虚偽の表示に対する監査上の対応', NULL, NULL, NULL, NULL, 11, 1769533206, 1769533206),
('bca10b2e-1eff-45b5-bda8-f34ebf66de86', '0472dcca-fd63-467d-8fbf-bbce8cdca1b3', '特別目的の財務諸表の監査の目的', NULL, NULL, NULL, NULL, 12, 1769533206, 1769533206),
('5256ce69-b5a7-49e5-8141-7bee67b1d968', 'cf441177-a09e-4761-9ce4-606677dc7c1c', '専門的能力の向上と知識の蓄積', NULL, NULL, NULL, NULL, 13, 1769533206, 1769533206),
('fc8c6b2a-76f2-4ac8-ab38-762e5eb02288', 'cf441177-a09e-4761-9ce4-606677dc7c1c', '公正不偏の態度と独立性の保持', NULL, NULL, NULL, NULL, 14, 1769533206, 1769533206),
('fdeba94c-928a-4bb6-96a0-345d7f23b287', 'cf441177-a09e-4761-9ce4-606677dc7c1c', '正当な注意と職業的懐疑心', NULL, NULL, NULL, NULL, 15, 1769533206, 1769533206),
('fad7fdb0-05f2-46a0-9dab-bb595db59967', 'cf441177-a09e-4761-9ce4-606677dc7c1c', '不正等に起因する虚偽の表示への対応', NULL, NULL, NULL, NULL, 16, 1769533206, 1769533206),
('bccd3095-d730-4443-bd20-5ff66fa31884', 'cf441177-a09e-4761-9ce4-606677dc7c1c', '監査調書の意義と役割', NULL, NULL, NULL, NULL, 17, 1769533206, 1769533206),
('a83add86-cb5d-4403-85ab-033a9dac248e', 'cf441177-a09e-4761-9ce4-606677dc7c1c', '監査事務所としての品質管理', NULL, NULL, NULL, NULL, 18, 1769533206, 1769533206),
('521d04f8-12c8-4b5d-b90b-3628ec9279b4', 'cf441177-a09e-4761-9ce4-606677dc7c1c', '個々の監査業務に係る品質管理', NULL, NULL, NULL, NULL, 19, 1769533206, 1769533206),
('5f0b218e-26c0-4414-ab54-24f539288272', 'cf441177-a09e-4761-9ce4-606677dc7c1c', '守秘義務', NULL, NULL, NULL, NULL, 20, 1769533206, 1769533206),
('8639d9ab-bb59-4c74-9848-1fefa0e9cbb8', 'e5ac673a-a384-43b6-be26-6f9cfd3fcc6b', '基本原則', NULL, NULL, NULL, NULL, 21, 1769533206, 1769533206),
('cc99293a-0d97-44b8-859f-8b858f04c889', 'e5ac673a-a384-43b6-be26-6f9cfd3fcc6b', '監査計画の策定', NULL, NULL, NULL, NULL, 22, 1769533206, 1769533206),
('bfba5146-4a52-46c3-a430-bee89f3a2fe0', 'e5ac673a-a384-43b6-be26-6f9cfd3fcc6b', '監査の実施', NULL, NULL, NULL, NULL, 23, 1769533206, 1769533206),
('63500727-9180-4a87-bc8d-aaa8613dfefb', 'e5ac673a-a384-43b6-be26-6f9cfd3fcc6b', '他の監査人等の利用（グループ監査を含む）', NULL, NULL, NULL, NULL, 24, 1769533206, 1769533206),
('fbd585e4-12d5-4ae2-92e5-11faab39f342', '950aaace-fa83-4dd2-ae80-99f76ecc05d7', '基本原則', NULL, NULL, NULL, NULL, 25, 1769533206, 1769533206),
('f9a9f721-51ad-4c49-9a7b-ed2f96beb868', '950aaace-fa83-4dd2-ae80-99f76ecc05d7', '監査報告書の記載区分', NULL, NULL, NULL, NULL, 26, 1769533206, 1769533206),
('a7b9c2a0-6af8-4c85-866b-1aa3c64e88bd', '950aaace-fa83-4dd2-ae80-99f76ecc05d7', '無限定適正意見の記載事項', NULL, NULL, NULL, NULL, 27, 1769533206, 1769533206),
('b9c6de9e-2ca5-4f14-bc60-59b7ba03a055', '950aaace-fa83-4dd2-ae80-99f76ecc05d7', '意見に関する除外', NULL, NULL, NULL, NULL, 28, 1769533206, 1769533206),
('05e593ac-5375-4252-9991-9d4c837086d3', '950aaace-fa83-4dd2-ae80-99f76ecc05d7', '監査範囲の制約', NULL, NULL, NULL, NULL, 29, 1769533206, 1769533206),
('b3d6628f-aa64-4437-8c5c-64f30be036b1', '950aaace-fa83-4dd2-ae80-99f76ecc05d7', '継続企業の前提', NULL, NULL, NULL, NULL, 30, 1769533206, 1769533206),
('3a9eaf17-465f-4b79-9c08-5f3725c5b705', '950aaace-fa83-4dd2-ae80-99f76ecc05d7', '監査上の主要な検討事項', NULL, NULL, NULL, NULL, 31, 1769533206, 1769533206),
('11adc4dc-fc13-4bc5-b674-1a5d13580194', '950aaace-fa83-4dd2-ae80-99f76ecc05d7', 'その他の記載内容', NULL, NULL, NULL, NULL, 32, 1769533206, 1769533206),
('7ade5260-8de4-4af2-bff0-62dda418b11b', '950aaace-fa83-4dd2-ae80-99f76ecc05d7', '追記情報', NULL, NULL, NULL, NULL, 33, 1769533206, 1769533206),
('01288d54-42ae-4551-8211-14549052bd16', '950aaace-fa83-4dd2-ae80-99f76ecc05d7', '特別目的の財務諸表に対する監査の場合の追記情報', NULL, NULL, NULL, NULL, 34, 1769533206, 1769533206),
('da0b8e59-b2eb-4eb2-8876-5d3dbb136ba1', '76ffb72b-99c6-4ab7-a5f4-e67af8ea9b0b', '経営者等とのディスカッション', NULL, NULL, NULL, NULL, 35, 1769533206, 1769533206),
('6da38d10-15e9-4fef-8e82-e80614174128', '76ffb72b-99c6-4ab7-a5f4-e67af8ea9b0b', '監査役等とのコミュニケーション', NULL, NULL, NULL, NULL, 36, 1769533206, 1769533206),
('9b4620ff-4f29-48b7-8ec0-7a1bfbb93310', '76ffb72b-99c6-4ab7-a5f4-e67af8ea9b0b', '比較情報への対応', NULL, NULL, NULL, NULL, 37, 1769533206, 1769533206),
('565efb53-a9f6-43b7-93cb-0f49874c4e26', '76ffb72b-99c6-4ab7-a5f4-e67af8ea9b0b', '後発事象への対応', NULL, NULL, NULL, NULL, 38, 1769533206, 1769533206),
('d4364af3-8afd-44e3-8f54-0d9c68a2019c', 'f3d163c8-bacc-4b50-a974-580e844a5fd9', '中間監査の意義', NULL, NULL, NULL, NULL, 39, 1769533206, 1769533206),
('0fb3c291-2f5b-4f82-98b7-07e94f2ba2bf', '2b7ba712-b836-4c87-a0cb-063cc38d085a', '実施基準', NULL, NULL, NULL, NULL, 40, 1769533206, 1769533206),
('c4eed5c4-ef00-4b64-957c-b819d9f2bb38', 'b13bd79e-7ec2-4979-ae2d-d96edb398e6b', '報告基準', NULL, NULL, NULL, NULL, 41, 1769533206, 1769533206),
('9caf18aa-cf06-4a05-81df-ab2a2d3ae50f', '8d0c0765-869c-4338-8045-7f7880bbb28c', '期中レビューの意義', NULL, NULL, NULL, NULL, 42, 1769533206, 1769533206),
('be972843-883e-43d6-b9b4-51ecab157f46', '712a1d61-0ca8-4fed-9a86-c65eb662cc27', '実施基準', NULL, NULL, NULL, NULL, 43, 1769533206, 1769533206),
('a2bd67a1-4102-44d3-9808-4a464573b9f1', '07f33625-bac7-4ced-8617-0be9d8af81ca', '報告基準', NULL, NULL, NULL, NULL, 44, 1769533206, 1769533206),
('0414f6d5-ed37-4f7f-944a-844dc565cb76', 'bfc9951f-89d7-470b-8dae-cd7e035a0363', '品質管理の意義', NULL, NULL, NULL, NULL, 45, 1769533206, 1769533206),
('9e75b89a-058f-4510-98c5-f6cc013241b7', '89196668-f18c-47cb-bf54-33615dbc72c4', '品質管理システムの整備及び運用', NULL, NULL, NULL, NULL, 46, 1769533206, 1769533206),
('e77d6975-63fe-48e3-aae1-dd0ba0c3ef54', '3fbc295e-11f5-4e68-82e2-a5d73c9093e2', '監査事務所のリスク評価プロセス', NULL, NULL, NULL, NULL, 47, 1769533206, 1769533206),
('a88acec4-f863-4907-aafc-aa01593c673c', '3fbc295e-11f5-4e68-82e2-a5d73c9093e2', 'ガバナンス及びリーダーシップ', NULL, NULL, NULL, NULL, 48, 1769533206, 1769533206),
('40f33691-91c2-4bc4-af14-c1342d973a1b', '3fbc295e-11f5-4e68-82e2-a5d73c9093e2', '職業倫理及び独立性', NULL, NULL, NULL, NULL, 49, 1769533206, 1769533206),
('010fb08f-18c2-4b4d-8c77-15d393653631', '3fbc295e-11f5-4e68-82e2-a5d73c9093e2', '監査契約の新規の締結と更新', NULL, NULL, NULL, NULL, 50, 1769533206, 1769533206),
('ae7abf7c-7bd1-404c-b602-c4d27906a896', '3fbc295e-11f5-4e68-82e2-a5d73c9093e2', '業務の実施', NULL, NULL, NULL, NULL, 51, 1769533206, 1769533206),
('b9cd7f7c-38f2-4924-b3f6-65685c334c78', '3fbc295e-11f5-4e68-82e2-a5d73c9093e2', '監査事務所の業務運営に関する資源', NULL, NULL, NULL, NULL, 52, 1769533206, 1769533206),
('02db4557-a0b8-48b8-a389-e4f4a59840fd', '3fbc295e-11f5-4e68-82e2-a5d73c9093e2', '情報と伝達', NULL, NULL, NULL, NULL, 53, 1769533206, 1769533206),
('af39d872-708d-42c6-8e57-8abd687f0db9', '3fbc295e-11f5-4e68-82e2-a5d73c9093e2', '品質管理システムのモニタリング及び改善プロセス', NULL, NULL, NULL, NULL, 54, 1769533206, 1769533206),
('b7b7fc00-1190-481f-a777-d2fd62bceb7c', '3fbc295e-11f5-4e68-82e2-a5d73c9093e2', '監査事務所間の引継', NULL, NULL, NULL, NULL, 55, 1769533206, 1769533206),
('7f2d671c-761a-4a69-877e-461133d78ff0', 'd8b7db53-4e71-43ac-928d-e1c072fd15b9', '共同監査', NULL, NULL, NULL, NULL, 56, 1769533206, 1769533206),
('e33b56aa-8dd6-49be-9737-2ec93a520d81', '2dc3dbd9-2a14-44ad-ba0a-c267ed33cacf', '保証業務の意義', NULL, NULL, NULL, NULL, 57, 1769533206, 1769533206),
('d47956d7-1e55-4409-b64f-76922460041e', '48baf3bf-92eb-463e-8886-ab7dba87580d', '保証業務の要素', NULL, NULL, NULL, NULL, 58, 1769533206, 1769533206);

INSERT INTO topics (id, category_id, name, description, difficulty, topic_type, ai_system_prompt, display_order, created_at, updated_at) VALUES
('bc39fe0c-7dbc-4e75-af14-4e903e67fa8d', '3ef715ec-450c-496d-8996-e1cd5efb9730', '納税義務者', NULL, NULL, NULL, NULL, 0, 1769533206, 1769533206),
('c70ee8c2-2b57-43a9-9359-441ee81e80c2', 'da3ad24e-080d-4e76-ae2d-fc58efc87cb2', '課税所得の計算と企業会計の関係', NULL, NULL, NULL, NULL, 1, 1769533206, 1769533206),
('9c9fbe26-2f2f-4bb1-ba6f-b5200f93a453', 'da3ad24e-080d-4e76-ae2d-fc58efc87cb2', '確定決算主義', NULL, NULL, NULL, NULL, 2, 1769533206, 1769533206),
('5a9320b6-bba9-42c4-bec3-0cd471b7c898', 'da3ad24e-080d-4e76-ae2d-fc58efc87cb2', '資本金等の額', NULL, NULL, NULL, NULL, 3, 1769533206, 1769533206),
('20fb032a-6335-4924-9ada-c3a034157302', 'da3ad24e-080d-4e76-ae2d-fc58efc87cb2', '利益積立金額', NULL, NULL, NULL, NULL, 4, 1769533206, 1769533206),
('608c6c36-e4db-4689-8e9d-a773ee1e214d', 'b45ac812-d0ac-4299-9bd9-b82a3d175ba4', '資産の販売', NULL, NULL, NULL, NULL, 5, 1769533206, 1769533206),
('e8cc335a-ae4f-47dd-9bdd-3ebd0d28ad26', 'b45ac812-d0ac-4299-9bd9-b82a3d175ba4', '資産の譲渡', NULL, NULL, NULL, NULL, 6, 1769533206, 1769533206),
('269df551-ab7b-49c9-901f-b585a2eb6b37', 'b45ac812-d0ac-4299-9bd9-b82a3d175ba4', '役務の提供', NULL, NULL, NULL, NULL, 7, 1769533206, 1769533206),
('52b02eee-cc4b-4448-92b9-097bf69b9a83', 'b45ac812-d0ac-4299-9bd9-b82a3d175ba4', '無償取引', NULL, NULL, NULL, NULL, 8, 1769533206, 1769533206),
('5c6f480d-a92f-4d57-9c1d-807120ec0f92', 'b45ac812-d0ac-4299-9bd9-b82a3d175ba4', '受取配当等', NULL, NULL, NULL, NULL, 9, 1769533206, 1769533206),
('98b448d6-add4-4988-b37b-c02d8dacb803', 'b45ac812-d0ac-4299-9bd9-b82a3d175ba4', '資産の評価益', NULL, NULL, NULL, NULL, 10, 1769533206, 1769533206),
('0258228d-97a1-4506-9ac3-b024ee0f0e50', '5ad285e3-1e2a-4ea6-9703-6e3b27de1aaf', '売上原価', NULL, NULL, NULL, NULL, 11, 1769533206, 1769533206),
('830ef52b-e1cb-4e11-837a-408f1a0c5437', '5ad285e3-1e2a-4ea6-9703-6e3b27de1aaf', '販売費', NULL, NULL, NULL, NULL, 12, 1769533206, 1769533206),
('e109d97d-8ae8-4e2a-83c4-cf1448ce96e0', '5ad285e3-1e2a-4ea6-9703-6e3b27de1aaf', '一般管理費', NULL, NULL, NULL, NULL, 13, 1769533206, 1769533206),
('ec9e51db-2ac0-4d17-b3a4-1a60fbde06c9', '5ad285e3-1e2a-4ea6-9703-6e3b27de1aaf', '資産の評価損', NULL, NULL, NULL, NULL, 14, 1769533206, 1769533206),
('48cead29-09f1-4aeb-b648-68e66c56ccec', '5ad285e3-1e2a-4ea6-9703-6e3b27de1aaf', '給与', NULL, NULL, NULL, NULL, 15, 1769533206, 1769533206),
('3c907170-d8bd-4a31-97a6-007d4b960bf6', '5ad285e3-1e2a-4ea6-9703-6e3b27de1aaf', '保険料', NULL, NULL, NULL, NULL, 16, 1769533206, 1769533206),
('be72a1be-af6d-4d7a-8cfa-2f5ad5028c57', '5ad285e3-1e2a-4ea6-9703-6e3b27de1aaf', '寄附金', NULL, NULL, NULL, NULL, 17, 1769533206, 1769533206),
('b0e86e8e-b18d-4e11-8519-9c077c03125f', '5ad285e3-1e2a-4ea6-9703-6e3b27de1aaf', '交際費', NULL, NULL, NULL, NULL, 18, 1769533206, 1769533206),
('45392105-4583-4946-b5c3-601f95effb63', '5ad285e3-1e2a-4ea6-9703-6e3b27de1aaf', '租税公課', NULL, NULL, NULL, NULL, 19, 1769533206, 1769533206),
('f9e21373-ed9e-4a86-85d7-7845b29565de', '5ad285e3-1e2a-4ea6-9703-6e3b27de1aaf', '貸倒損失', NULL, NULL, NULL, NULL, 20, 1769533206, 1769533206),
('470f9217-cfd4-4323-8468-141048a4eb51', '5ad285e3-1e2a-4ea6-9703-6e3b27de1aaf', '減価償却', NULL, NULL, NULL, NULL, 21, 1769533206, 1769533206),
('e11d6b3b-d459-4001-af6f-b579be26d250', '5ad285e3-1e2a-4ea6-9703-6e3b27de1aaf', '圧縮記帳', NULL, NULL, NULL, NULL, 22, 1769533206, 1769533206),
('b41b96cc-a62d-41f6-8e6e-38a28e12bde4', '5ad285e3-1e2a-4ea6-9703-6e3b27de1aaf', '引当金', NULL, NULL, NULL, NULL, 23, 1769533206, 1769533206),
('a5395529-196d-460e-84f1-626e611a11a2', '5ad285e3-1e2a-4ea6-9703-6e3b27de1aaf', '準備金', NULL, NULL, NULL, NULL, 24, 1769533206, 1769533206),
('61bd294b-39dc-4858-9a99-a034964b72b8', '5ad285e3-1e2a-4ea6-9703-6e3b27de1aaf', '借地権', NULL, NULL, NULL, NULL, 25, 1769533206, 1769533206),
('76543e77-dd68-4887-b278-06ba6ec8d6ce', 'd728636e-9e70-41d5-9f6f-c4e3ea4c9b90', '長期大規模工事', NULL, NULL, NULL, NULL, 26, 1769533206, 1769533206),
('22af21f7-88b8-4ba0-8d4b-8eeb584fa15a', 'd728636e-9e70-41d5-9f6f-c4e3ea4c9b90', 'リース取引', NULL, NULL, NULL, NULL, 27, 1769533206, 1769533206),
('40025ef4-abe3-4299-a945-8d14c56ad432', 'd728636e-9e70-41d5-9f6f-c4e3ea4c9b90', '有価証券の時価評価損益', NULL, NULL, NULL, NULL, 28, 1769533206, 1769533206),
('0052fbec-3e99-42e8-8926-7cbc1fe170ba', 'd728636e-9e70-41d5-9f6f-c4e3ea4c9b90', 'デリバティブ取引', NULL, NULL, NULL, NULL, 29, 1769533206, 1769533206),
('ac8b6ed5-9f89-4c90-b523-eb31461e3065', 'd728636e-9e70-41d5-9f6f-c4e3ea4c9b90', 'ヘッジ処理', NULL, NULL, NULL, NULL, 30, 1769533206, 1769533206),
('9241462e-840a-4361-ba1a-8f0e21c30ed9', 'd728636e-9e70-41d5-9f6f-c4e3ea4c9b90', '外貨建取引の換算', NULL, NULL, NULL, NULL, 31, 1769533206, 1769533206),
('db6a3bdb-1fc1-41fb-b852-67e1df54d59b', 'd728636e-9e70-41d5-9f6f-c4e3ea4c9b90', 'ストックオプション', NULL, NULL, NULL, NULL, 32, 1769533206, 1769533206),
('6aaa6c46-20c3-43f5-91a6-b897045935f6', 'd728636e-9e70-41d5-9f6f-c4e3ea4c9b90', '完全支配関係法人間取引', NULL, NULL, NULL, NULL, 33, 1769533206, 1769533206),
('5f3366ac-e03a-4cfa-8504-881ceb451c8e', '3b9bd59e-f9dc-4a3d-8bee-96756e112732', '組織再編成に係る所得の計算', NULL, NULL, NULL, NULL, 34, 1769533206, 1769533206),
('4ae60a22-9a09-428f-a0f8-c116362897a3', '23ca9f3f-28ff-48a7-bddd-3095ef5ce4ce', '同族会社の行為計算の否認', NULL, NULL, NULL, NULL, 35, 1769533206, 1769533206),
('85c26a9d-87f6-4464-9bcd-d55b6c0d3abf', 'fe832f48-d47a-429f-97d7-63f6f6a07788', '欠損金の取扱い', NULL, NULL, NULL, NULL, 36, 1769533206, 1769533206),
('52dd0285-4cb3-4e3c-b7a1-72dfa37a4be2', 'c5d586b9-da81-46ca-82de-41ab26114e45', '税額の計算', NULL, NULL, NULL, NULL, 37, 1769533206, 1769533206),
('01ba7d86-0ea4-4e67-a575-18314860bf7e', '55a7e78b-72cb-4b46-94f9-28d58b693e54', '外国税額控除', NULL, NULL, NULL, NULL, 38, 1769533206, 1769533206),
('e11cc2a9-f0fb-4a30-b7bf-75bb75722250', 'f0695865-e3e9-4728-8b48-ff4fb2a29e6c', '申告・納付・還付等', NULL, NULL, NULL, NULL, 39, 1769533206, 1769533206),
('1052624d-ead5-46f6-b4f8-019ecb28cec5', '933ac4a5-acac-4622-9ad3-f2a84034799a', '外国法人の法人税', NULL, NULL, NULL, NULL, 40, 1769533206, 1769533206),
('a0b0492c-7270-429d-b63a-9f2d0a91ca27', '5beb58e3-abf8-416f-8c62-30571bb065b8', '納税義務者と課税所得の範囲', NULL, NULL, NULL, NULL, 41, 1769533206, 1769533206),
('7dbabaf2-eaa6-479b-a75d-bd1554e569ca', 'ba6caee3-deab-42ee-a336-6735a8912e5e', '非課税所得', NULL, NULL, NULL, NULL, 42, 1769533206, 1769533206),
('e96177bf-dea2-4289-ba80-eb3a8b4fceab', 'ea95de9c-d6e3-44fd-85aa-03735bd45f28', '利子所得', NULL, NULL, NULL, NULL, 43, 1769533206, 1769533206),
('01c1623d-4c82-49ca-9122-b88215dc179a', 'ea95de9c-d6e3-44fd-85aa-03735bd45f28', '配当所得', NULL, NULL, NULL, NULL, 44, 1769533206, 1769533206),
('4836f340-e665-440f-8ff6-f24cf612b2fe', 'ea95de9c-d6e3-44fd-85aa-03735bd45f28', '不動産所得', NULL, NULL, NULL, NULL, 45, 1769533206, 1769533206),
('d5c8885c-d3f4-4611-bff1-74e211d26318', 'ea95de9c-d6e3-44fd-85aa-03735bd45f28', '事業所得', NULL, NULL, NULL, NULL, 46, 1769533206, 1769533206),
('bfeea8d2-0be1-4930-aa23-e2dbc81ed2de', 'ea95de9c-d6e3-44fd-85aa-03735bd45f28', '給与所得', NULL, NULL, NULL, NULL, 47, 1769533206, 1769533206),
('0d4b806b-9542-4dcd-a71a-29c93832d1ed', 'ea95de9c-d6e3-44fd-85aa-03735bd45f28', '退職所得', NULL, NULL, NULL, NULL, 48, 1769533206, 1769533206),
('37c1743d-4e9a-4bb8-a7e4-8b087197ef2e', 'ea95de9c-d6e3-44fd-85aa-03735bd45f28', '山林所得', NULL, NULL, NULL, NULL, 49, 1769533206, 1769533206);

INSERT INTO topics (id, category_id, name, description, difficulty, topic_type, ai_system_prompt, display_order, created_at, updated_at) VALUES
('6ae9688d-a4b5-4f33-880a-85fa490a59e0', 'ea95de9c-d6e3-44fd-85aa-03735bd45f28', '譲渡所得', NULL, NULL, NULL, NULL, 50, 1769533206, 1769533206),
('2a279e55-b88c-4f2a-bc7c-8414adf9eccc', 'ea95de9c-d6e3-44fd-85aa-03735bd45f28', '一時所得', NULL, NULL, NULL, NULL, 51, 1769533206, 1769533206),
('26531ae2-3100-4887-8fea-e38c01e313b2', 'ea95de9c-d6e3-44fd-85aa-03735bd45f28', '雑所得', NULL, NULL, NULL, NULL, 52, 1769533206, 1769533206),
('b613f80b-4f46-4855-9361-13de3e6e7b8a', '876f4f6f-2002-428f-95d8-0e023b982553', '収入金額と必要経費', NULL, NULL, NULL, NULL, 53, 1769533206, 1769533206),
('522f8a5d-2971-4e49-a98d-6f54e387824c', 'a11245e9-d678-4343-969a-3703082d12be', '損益通算と損失の繰越控除', NULL, NULL, NULL, NULL, 54, 1769533206, 1769533206),
('bd94a76d-5d93-4fea-99f8-9fcd114d3271', '51a27387-e3fb-4115-914d-4b8d762fea11', '所得控除', NULL, NULL, NULL, NULL, 55, 1769533206, 1769533206),
('d8b4cfb5-07f2-4a4d-9c0e-fd1e6c73bd32', 'cae12ed8-c23a-4ea1-8a0d-4c260d773960', '復興特別所得税', NULL, NULL, NULL, NULL, 56, 1769533206, 1769533206),
('2396750b-0e7d-48f2-9fe0-42ae0dbeb4e0', '10a284ea-8c36-426e-a69c-7361d504b73e', '外国税額控除', NULL, NULL, NULL, NULL, 57, 1769533206, 1769533206),
('a8b443b5-94c0-4bb5-a995-c5cd33f1d2eb', 'f4a8b9f0-a1b5-406c-8053-b05a87cdf285', '申告・納付・還付等', NULL, NULL, NULL, NULL, 58, 1769533206, 1769533206),
('b61e29fb-88e8-4b58-b8f6-e3c47eb8a722', '67c108ff-353d-46cc-841d-6c99e5008bc5', '非居住者及び法人の納税義務', NULL, NULL, NULL, NULL, 59, 1769533206, 1769533206),
('07e3d173-0de6-4d14-9c7c-f2a579f68d15', '5458d029-3f8c-4aa0-bde9-dce5473f73d7', '源泉徴収', NULL, NULL, NULL, NULL, 60, 1769533206, 1769533206),
('c482eb1e-a33a-4759-aa14-47762704d975', 'f0b05caf-4885-42ea-8b62-c0dd9447cb73', '納税義務者', NULL, NULL, NULL, NULL, 61, 1769533206, 1769533206),
('f54a85ec-fc04-4f1c-ac71-75d7cb015235', '3a54389f-3dd8-4180-bf09-19354ccca264', '課税期間と基準期間', NULL, NULL, NULL, NULL, 62, 1769533206, 1769533206),
('64d06b74-70fb-4c39-97c5-13e39edff2cb', '5b128c1b-bd1c-4f2b-affd-285ef47acc0d', '課税取引と非課税取引', NULL, NULL, NULL, NULL, 63, 1769533206, 1769533206),
('257d1f18-524c-4863-b049-185b388b2ddf', '715057b2-7daf-4aca-a622-a8d90615c491', '輸出免税', NULL, NULL, NULL, NULL, 64, 1769533206, 1769533206),
('29af1342-37eb-4416-b0ef-084db8410ecf', 'b4efdca6-d47c-4b66-8a01-3255501ce6ba', '課税標準と税率', NULL, NULL, NULL, NULL, 65, 1769533206, 1769533206),
('7f554e87-02fc-435f-bfe7-a1deafec220c', 'f71d36b2-179c-4582-9314-02e94fc0ac00', '課税売上割合と仕入税額控除', NULL, NULL, NULL, NULL, 66, 1769533206, 1769533206),
('602f89f2-7514-480f-a952-a296b159c934', '2d1fabde-aef9-4197-aa13-3085996a0e42', 'その他の税額控除', NULL, NULL, NULL, NULL, 67, 1769533206, 1769533206),
('3d33870a-0ed8-4186-b72d-86f1649d00ef', 'fd58eb6a-4450-47a8-bf0f-6c6200b27636', '簡易課税制度', NULL, NULL, NULL, NULL, 68, 1769533206, 1769533206),
('45f590b6-2f8e-4078-8681-579bd2db16ca', '4b621898-795e-4edd-b16a-3711483f4e40', '申告・納付・還付等', NULL, NULL, NULL, NULL, 69, 1769533206, 1769533206),
('d64b5fd8-586f-473d-b568-1d444b59667e', 'aed8ce16-cce9-4611-a46d-f8a05e4531e6', '原価計算の意義と目的', NULL, NULL, NULL, NULL, 0, 1769533206, 1769533206),
('3c6f0715-2785-458d-b784-dc3fd4b4a119', 'aed8ce16-cce9-4611-a46d-f8a05e4531e6', '原価の意義と種類', NULL, NULL, NULL, NULL, 1, 1769533206, 1769533206),
('eaf930cf-d356-45ca-8c0e-c9e2d11c05db', 'aed8ce16-cce9-4611-a46d-f8a05e4531e6', '原価態様', NULL, NULL, NULL, NULL, 2, 1769533206, 1769533206),
('b5155d0d-a0b0-4750-946b-954dc8c19d97', 'aed8ce16-cce9-4611-a46d-f8a05e4531e6', '全部原価計算', NULL, NULL, NULL, NULL, 3, 1769533206, 1769533206),
('5ec8b1ba-23c1-42b1-b9ca-b564a8cc05f4', 'aed8ce16-cce9-4611-a46d-f8a05e4531e6', '直接原価計算', NULL, NULL, NULL, NULL, 4, 1769533206, 1769533206),
('7eaf203c-4b26-4b81-9bc6-445c987b80e1', '0e780b10-a802-4f3a-8152-4b0258588ee6', '費目別計算', NULL, NULL, NULL, NULL, 5, 1769533206, 1769533206),
('33486255-2cd9-4128-ab86-deb08f0c62a8', '0e780b10-a802-4f3a-8152-4b0258588ee6', '部門別計算', NULL, NULL, NULL, NULL, 6, 1769533206, 1769533206),
('06451ee0-43ae-4b9f-b242-f0ecac0cc568', '0e780b10-a802-4f3a-8152-4b0258588ee6', '製品別計算', NULL, NULL, NULL, NULL, 7, 1769533206, 1769533206),
('6f63009e-8a42-4fff-a2f3-11bd3f9107a6', '0e780b10-a802-4f3a-8152-4b0258588ee6', '単純個別原価計算', NULL, NULL, NULL, NULL, 8, 1769533206, 1769533206),
('c3e2defc-80e8-4f88-940d-1d3b632bfebe', '0e780b10-a802-4f3a-8152-4b0258588ee6', '単純総合原価計算の流れ', NULL, NULL, NULL, NULL, 9, 1769533206, 1769533206),
('7c20cf4a-d682-4d5a-8265-54b6b49e7de2', '512a7d5c-fd0e-437e-bf73-915ace366d79', '総括配賦', NULL, NULL, NULL, NULL, 10, 1769533206, 1769533206),
('17430fe0-7e87-47b2-9ea1-0be944b75b56', '512a7d5c-fd0e-437e-bf73-915ace366d79', '部門別配賦', NULL, NULL, NULL, NULL, 11, 1769533206, 1769533206),
('41cf74c8-5084-4468-841c-95931e7e788b', '512a7d5c-fd0e-437e-bf73-915ace366d79', '製造間接費の配賦基準', NULL, NULL, NULL, NULL, 12, 1769533206, 1769533206),
('f08d5859-8cd8-416a-9c2d-94b5fc929eee', '512a7d5c-fd0e-437e-bf73-915ace366d79', '実際配賦', NULL, NULL, NULL, NULL, 13, 1769533206, 1769533206),
('cbe9654d-60ae-4b68-8d9b-136c3ba6391a', '512a7d5c-fd0e-437e-bf73-915ace366d79', '予定配賦', NULL, NULL, NULL, NULL, 14, 1769533206, 1769533206),
('183b4116-e719-4435-a127-d2babca6dbdd', '512a7d5c-fd0e-437e-bf73-915ace366d79', '製造間接費予算', NULL, NULL, NULL, NULL, 15, 1769533206, 1769533206),
('a23bdf31-b5ce-4362-91ea-fec4b0f12998', '512a7d5c-fd0e-437e-bf73-915ace366d79', '原価部門の意義', NULL, NULL, NULL, NULL, 16, 1769533206, 1769533206),
('d5c872c2-0345-4117-8fe1-c59b1fe636f1', '512a7d5c-fd0e-437e-bf73-915ace366d79', '部門個別費', NULL, NULL, NULL, NULL, 17, 1769533206, 1769533206),
('fa92aeb9-6af3-43af-aa71-6e99a8aebd38', '512a7d5c-fd0e-437e-bf73-915ace366d79', '部門共通費', NULL, NULL, NULL, NULL, 18, 1769533206, 1769533206),
('3a0a381d-5f16-404b-87d3-d5fe3fc67963', '512a7d5c-fd0e-437e-bf73-915ace366d79', '補助部門費の製造部門への配賦', NULL, NULL, NULL, NULL, 19, 1769533206, 1769533206),
('320e7a14-35a6-46b1-88f2-16ad809eeed9', '512a7d5c-fd0e-437e-bf73-915ace366d79', '単一基準配賦法', NULL, NULL, NULL, NULL, 20, 1769533206, 1769533206),
('89a66cd7-6d6e-4e01-85f4-60a52647b164', '512a7d5c-fd0e-437e-bf73-915ace366d79', '複数基準配賦法', NULL, NULL, NULL, NULL, 21, 1769533206, 1769533206),
('e2eeb990-0390-4204-9695-48287e3bf5fb', '512a7d5c-fd0e-437e-bf73-915ace366d79', '原価計算表の作成', NULL, NULL, NULL, NULL, 22, 1769533206, 1769533206),
('72251ec0-c433-4519-9c9c-cebc35bf7f85', '512a7d5c-fd0e-437e-bf73-915ace366d79', '仕損の処理', NULL, NULL, NULL, NULL, 23, 1769533206, 1769533206),
('7e3aa5d2-dcaa-4525-93a8-2a4aed5ea904', '6e60c1d7-2c63-419a-8f06-78f7dfcaca22', '月末仕掛品の評価', NULL, NULL, NULL, NULL, 24, 1769533206, 1769533206),
('36df7d4e-4e49-4ce5-8497-a42dff11b85b', '6e60c1d7-2c63-419a-8f06-78f7dfcaca22', '仕損の処理', NULL, NULL, NULL, NULL, 25, 1769533206, 1769533206),
('fc3fe8cd-7c05-4fcc-8816-48fb09ace179', '6e60c1d7-2c63-419a-8f06-78f7dfcaca22', '減損の処理', NULL, NULL, NULL, NULL, 26, 1769533206, 1769533206),
('bf7a0cac-78b3-4694-bf75-fbeeb663c995', '6e60c1d7-2c63-419a-8f06-78f7dfcaca22', '作業屑の処理', NULL, NULL, NULL, NULL, 27, 1769533206, 1769533206),
('dd2bd58a-e41c-42fe-bb64-91bbb90527a5', '6e60c1d7-2c63-419a-8f06-78f7dfcaca22', '工程別総合原価計算', NULL, NULL, NULL, NULL, 28, 1769533206, 1769533206),
('c2d53700-5199-46de-a01f-fafd36b0cb3c', '6e60c1d7-2c63-419a-8f06-78f7dfcaca22', '組別総合原価計算', NULL, NULL, NULL, NULL, 29, 1769533206, 1769533206);

INSERT INTO topics (id, category_id, name, description, difficulty, topic_type, ai_system_prompt, display_order, created_at, updated_at) VALUES
('4024d2eb-7e07-4766-b215-b9669b9cbb4e', '6e60c1d7-2c63-419a-8f06-78f7dfcaca22', '等級別総合原価計算', NULL, NULL, NULL, NULL, 30, 1769533206, 1769533206),
('ad6eb919-f452-4151-a037-00a3c286d5a4', 'f316abd9-f52e-4712-9703-cb06fb6c5665', '連産品の原価計算', NULL, NULL, NULL, NULL, 31, 1769533206, 1769533206),
('590d57d3-2abf-4bb7-ac5e-4e90aaa479e6', 'f316abd9-f52e-4712-9703-cb06fb6c5665', '副産物等の処理と評価', NULL, NULL, NULL, NULL, 32, 1769533206, 1769533206),
('d23bcc84-1274-4b44-9f5d-524c418ab3f5', '8b74a438-9bad-4381-8b6c-23cbde2ce089', '標準原価計算の意義', NULL, NULL, NULL, NULL, 33, 1769533206, 1769533206),
('92aaa957-016b-4b5c-af1a-af087c3e9e4b', '8b74a438-9bad-4381-8b6c-23cbde2ce089', '標準原価', NULL, NULL, NULL, NULL, 34, 1769533206, 1769533206),
('de8fb1b3-7134-4d7d-a7c4-c9197317a26c', '8b74a438-9bad-4381-8b6c-23cbde2ce089', '原価標準', NULL, NULL, NULL, NULL, 35, 1769533206, 1769533206),
('3f951301-4060-4968-b70c-9ba56707ddd9', '8b74a438-9bad-4381-8b6c-23cbde2ce089', '標準原価差異の算定', NULL, NULL, NULL, NULL, 36, 1769533206, 1769533206),
('5a7c6a4d-e074-4e8a-9aac-91908e436f1d', '8b74a438-9bad-4381-8b6c-23cbde2ce089', '標準原価差異の分析', NULL, NULL, NULL, NULL, 37, 1769533206, 1769533206),
('4ac04091-a3b8-45c2-9e3b-3ef9595871d9', '99a9764e-831d-4196-b862-2ca12253aeaa', '直接原価計算の意義', NULL, NULL, NULL, NULL, 38, 1769533206, 1769533206),
('20b94011-edc1-4245-a8f0-2dd0d9e644ef', '99a9764e-831d-4196-b862-2ca12253aeaa', '直接原価計算の計算原理', NULL, NULL, NULL, NULL, 39, 1769533206, 1769533206),
('eb969fbb-7950-46eb-89a3-1bacd5ee1ae3', 'b61378a6-3ce8-48c3-916e-564b32220b65', '管理会計の意義と目的', NULL, NULL, NULL, NULL, 40, 1769533206, 1769533206),
('88928d52-9710-4745-92ee-67da3701908c', 'b61378a6-3ce8-48c3-916e-564b32220b65', '管理会計の領域', NULL, NULL, NULL, NULL, 41, 1769533206, 1769533206),
('afb13e7e-4dd5-4f8a-bbe5-7a1ec01cb62a', 'b61378a6-3ce8-48c3-916e-564b32220b65', '戦略と管理会計の関係', NULL, NULL, NULL, NULL, 42, 1769533206, 1769533206),
('339f81a8-9b7d-4d9e-82be-6de70e0ebb16', 'b61378a6-3ce8-48c3-916e-564b32220b65', '責任会計の概念', NULL, NULL, NULL, NULL, 43, 1769533206, 1769533206),
('000e49d5-5d49-4f35-ba5e-58478bd2f388', 'b61378a6-3ce8-48c3-916e-564b32220b65', 'マネジメント・コントロール・システム', NULL, NULL, NULL, NULL, 44, 1769533206, 1769533206),
('20167584-6e95-4ad7-93d4-3a1102baf280', '8fc0e505-f994-4bc4-9c73-89d89b3f18f6', '財務情報分析の意義と種類', NULL, NULL, NULL, NULL, 45, 1769533206, 1769533206),
('d3573307-7baf-4187-9446-1eae42ea8952', '8fc0e505-f994-4bc4-9c73-89d89b3f18f6', '収益性分析', NULL, NULL, NULL, NULL, 46, 1769533206, 1769533206),
('defdea87-282f-4848-bad9-ce233e07c941', '8fc0e505-f994-4bc4-9c73-89d89b3f18f6', '安全性分析', NULL, NULL, NULL, NULL, 47, 1769533206, 1769533206),
('376823c3-9ffb-49a5-85ec-bd9a6ba96d71', '8fc0e505-f994-4bc4-9c73-89d89b3f18f6', 'キャッシュ・フロー分析', NULL, NULL, NULL, NULL, 48, 1769533206, 1769533206),
('bf2ae418-e5ba-44c3-9f42-846ee801e1e5', 'b6b43ea8-ae0c-4c61-b520-d8a70649c80b', '短期利益計画の意義', NULL, NULL, NULL, NULL, 49, 1769533206, 1769533206),
('d1f7414e-86a8-4d85-9858-a2e89aa25841', 'b6b43ea8-ae0c-4c61-b520-d8a70649c80b', 'CVP分析', NULL, NULL, NULL, NULL, 50, 1769533206, 1769533206),
('3ce664d5-20bd-490c-98bf-e528a75c398c', 'b6b43ea8-ae0c-4c61-b520-d8a70649c80b', '貢献利益アプローチ', NULL, NULL, NULL, NULL, 51, 1769533206, 1769533206),
('5f6b5ff0-3b04-48f9-a0dd-cf8765d8d99d', 'b6b43ea8-ae0c-4c61-b520-d8a70649c80b', '原価予測', NULL, NULL, NULL, NULL, 52, 1769533206, 1769533206),
('999793a5-8b49-4952-802c-f0582c072d57', 'b1f3fc90-07f4-4eb1-a2a6-003cdbfeb928', '予算管理の意義と機能', NULL, NULL, NULL, NULL, 53, 1769533206, 1769533206),
('769700c9-cae7-4875-ada4-0bf7080f4d0b', 'b1f3fc90-07f4-4eb1-a2a6-003cdbfeb928', '予算編成', NULL, NULL, NULL, NULL, 54, 1769533206, 1769533206),
('adc0f6c6-e5e6-453e-8ebb-52957cdd3b5e', 'b1f3fc90-07f4-4eb1-a2a6-003cdbfeb928', '予算統制', NULL, NULL, NULL, NULL, 55, 1769533206, 1769533206),
('df2bc71a-bb2e-48b9-ae34-ca012dd3cd02', 'd92ee95d-1607-44fd-8759-0d24a5e6fcbb', '資金管理の意義', NULL, NULL, NULL, NULL, 56, 1769533206, 1769533206),
('874c4c8c-0a46-4592-9d3a-75ce6c93495d', 'd92ee95d-1607-44fd-8759-0d24a5e6fcbb', '正味運転資本の管理', NULL, NULL, NULL, NULL, 57, 1769533206, 1769533206),
('aae0e56d-04ad-4153-afa8-ffed0df6595b', 'd92ee95d-1607-44fd-8759-0d24a5e6fcbb', '運転資金の管理', NULL, NULL, NULL, NULL, 58, 1769533206, 1769533206),
('2cd59e59-bc12-435a-b552-286a9d12a36a', 'd92ee95d-1607-44fd-8759-0d24a5e6fcbb', '現金資金の管理', NULL, NULL, NULL, NULL, 59, 1769533206, 1769533206),
('e8f0635b-9583-43e8-8546-d824c8ff970b', 'd92ee95d-1607-44fd-8759-0d24a5e6fcbb', 'キャッシュ・フローの管理', NULL, NULL, NULL, NULL, 60, 1769533206, 1769533206),
('fd81fcfd-77d0-4ce0-80ed-e2e2372aa8eb', 'ac41484c-ae95-4ebf-8f26-67f15bfe406b', '原価企画', NULL, NULL, NULL, NULL, 61, 1769533206, 1769533206),
('5bdb7684-cd91-4180-958a-49efd81eca8f', 'ac41484c-ae95-4ebf-8f26-67f15bfe406b', '原価維持', NULL, NULL, NULL, NULL, 62, 1769533206, 1769533206),
('f049e9be-d18e-42ed-afab-c280f82b6bf1', 'ac41484c-ae95-4ebf-8f26-67f15bfe406b', '原価改善', NULL, NULL, NULL, NULL, 63, 1769533206, 1769533206),
('f2d3c4cc-9c5d-4322-ae17-53be497cc417', 'ac41484c-ae95-4ebf-8f26-67f15bfe406b', '活動基準原価管理', NULL, NULL, NULL, NULL, 64, 1769533206, 1769533206),
('d8665965-a6b9-4e3e-ba82-9a03f3d499d6', 'e33e679f-c637-45d9-93d3-185cf4a30dc7', '差額原価収益分析の意義', NULL, NULL, NULL, NULL, 65, 1769533206, 1769533206),
('e48bc547-75ab-44ed-96b8-ca08163b7a43', 'e33e679f-c637-45d9-93d3-185cf4a30dc7', '差額原価収益分析の手法', NULL, NULL, NULL, NULL, 66, 1769533206, 1769533206),
('39090c4b-0793-4840-a67b-6bcbedc129c7', '2fc3c2b5-8edc-496a-877a-b9ed9d1a0716', '意義', NULL, NULL, NULL, NULL, 67, 1769533206, 1769533206),
('6463f944-41e7-4b9a-b7be-524607e494fe', '2fc3c2b5-8edc-496a-877a-b9ed9d1a0716', '手法', NULL, NULL, NULL, NULL, 68, 1769533206, 1769533206),
('13965d23-d26d-4d95-96ac-b5a98250d75e', '0627c044-7529-40f0-9d6b-bc5d2dfd8ee5', '分権化と管理会計', NULL, NULL, NULL, NULL, 69, 1769533206, 1769533206),
('f65602c9-df9e-450d-bc03-c1e0d7f749bb', '0627c044-7529-40f0-9d6b-bc5d2dfd8ee5', '振替価格', NULL, NULL, NULL, NULL, 70, 1769533206, 1769533206),
('77429799-713e-49a7-9c38-f87928d7e03f', '0627c044-7529-40f0-9d6b-bc5d2dfd8ee5', '事業部制組織における業績評価', NULL, NULL, NULL, NULL, 71, 1769533206, 1769533206),
('0f3e57cc-8704-4b11-9120-f47136e61959', '0627c044-7529-40f0-9d6b-bc5d2dfd8ee5', '多国籍企業のための管理会計', NULL, NULL, NULL, NULL, 72, 1769533206, 1769533206),
('21efc548-1e17-4957-86a8-fff01a5d8252', '0627c044-7529-40f0-9d6b-bc5d2dfd8ee5', '財務評価尺度', NULL, NULL, NULL, NULL, 73, 1769533206, 1769533206),
('712d9431-4c88-486c-a24e-fe20a46ee434', '0bb18486-6ed3-4a92-86cc-a242e7299f9f', '管理過程としての経営管理', NULL, NULL, NULL, NULL, 0, 1769533206, 1769533206),
('fc710987-d844-4e3b-b435-3d4fce47a0a0', '0bb18486-6ed3-4a92-86cc-a242e7299f9f', 'トップ・マネジメントの役割', NULL, NULL, NULL, NULL, 1, 1769533206, 1769533206),
('b4bd72de-f066-478d-a0f0-78d74fe4ee9a', '0bb18486-6ed3-4a92-86cc-a242e7299f9f', '経営（企業）理念', NULL, NULL, NULL, NULL, 2, 1769533206, 1769533206),
('ea58b6bc-6f2f-47e7-a5cd-3d8ca4bf6647', '0bb18486-6ed3-4a92-86cc-a242e7299f9f', '日本の経営管理', NULL, NULL, NULL, NULL, 3, 1769533206, 1769533206),
('cc8c0fcf-1614-41f5-96e2-95ff6a7477ad', 'fdf6f3dd-c941-4065-aee2-547b419db76b', '全社戦略', NULL, NULL, NULL, NULL, 4, 1769533206, 1769533206),
('8450fe05-de93-439c-9e59-f6e07395280b', 'fdf6f3dd-c941-4065-aee2-547b419db76b', '経営資源と多角化戦略', NULL, NULL, NULL, NULL, 5, 1769533206, 1769533206);

INSERT INTO topics (id, category_id, name, description, difficulty, topic_type, ai_system_prompt, display_order, created_at, updated_at) VALUES
('d4739068-466c-4ad5-934d-dd4fc8b39a02', 'fdf6f3dd-c941-4065-aee2-547b419db76b', '事業戦略（競争戦略）', NULL, NULL, NULL, NULL, 6, 1769533206, 1769533206),
('3ff3e128-8020-41a6-b1de-03604b090acf', 'fdf6f3dd-c941-4065-aee2-547b419db76b', '製品戦略とマーケティング', NULL, NULL, NULL, NULL, 7, 1769533206, 1769533206),
('43b19439-9f79-4f41-8106-8ea1c62bba11', 'fdf6f3dd-c941-4065-aee2-547b419db76b', '合併・買収（M&A）と連携戦略', NULL, NULL, NULL, NULL, 8, 1769533206, 1769533206),
('79c8eb0d-b11f-4850-8b56-58475dbf8713', 'fdf6f3dd-c941-4065-aee2-547b419db76b', '国際経営', NULL, NULL, NULL, NULL, 9, 1769533206, 1769533206),
('9e8bc545-a0e9-4c74-a220-0cb91dd30360', 'fdf6f3dd-c941-4065-aee2-547b419db76b', '技術経営（MOT）', NULL, NULL, NULL, NULL, 10, 1769533206, 1769533206),
('7fd6acfc-c39e-4e30-b582-359e46fdbe12', 'fdf6f3dd-c941-4065-aee2-547b419db76b', '中小企業経営とスタートアップ', NULL, NULL, NULL, NULL, 11, 1769533206, 1769533206),
('e91476c6-8a3b-449a-b42b-b4d8c72dde8e', 'fdf6f3dd-c941-4065-aee2-547b419db76b', '経営計画（長期・中期・短期等）', NULL, NULL, NULL, NULL, 12, 1769533206, 1769533206),
('ce8809f6-6bc4-4360-8446-45649cc3ff41', 'd6e8bb21-877b-4832-9205-7f181e95ea0f', '経営戦略と経営組織', NULL, NULL, NULL, NULL, 13, 1769533206, 1769533206),
('005d5002-158a-417d-aa6a-98dc6969f04e', 'd6e8bb21-877b-4832-9205-7f181e95ea0f', '組織目標とKPI（主要業績評価指標）', NULL, NULL, NULL, NULL, 14, 1769533206, 1769533206),
('1c4b1f84-f0e3-421c-9c64-65b26ee6e60c', 'd6e8bb21-877b-4832-9205-7f181e95ea0f', '組織構造と組織設計', NULL, NULL, NULL, NULL, 15, 1769533206, 1769533206),
('ca5d5b4f-85c3-4ae7-8b00-a88182ca37a7', 'd6e8bb21-877b-4832-9205-7f181e95ea0f', '組織と環境', NULL, NULL, NULL, NULL, 16, 1769533206, 1769533206),
('de5a7791-9519-4269-a540-7b8acd443a68', 'd6e8bb21-877b-4832-9205-7f181e95ea0f', '組織の成長（発展）と組織革新', NULL, NULL, NULL, NULL, 17, 1769533206, 1769533206),
('1d44ace6-dd54-4c86-8f2d-efca6bcbdb85', 'd6e8bb21-877b-4832-9205-7f181e95ea0f', '組織学習', NULL, NULL, NULL, NULL, 18, 1769533206, 1769533206),
('b9e01fa7-3e68-4328-9d94-7745c15e0510', 'd6e8bb21-877b-4832-9205-7f181e95ea0f', '組織（企業）文化', NULL, NULL, NULL, NULL, 19, 1769533206, 1769533206),
('f9cdef60-8db6-4fa2-bd42-831d5ddc7c9d', 'd6e8bb21-877b-4832-9205-7f181e95ea0f', '組織間関係', NULL, NULL, NULL, NULL, 20, 1769533206, 1769533206),
('522a7a0e-8c81-41fb-9f87-0d1326aa6867', '60d9e451-d278-44ad-b3c0-2bd869abad99', '小集団とグループ・ダイナミクス', NULL, NULL, NULL, NULL, 21, 1769533206, 1769533206),
('829cde89-f7cf-47c0-a3d2-7e59bb11fdfa', '60d9e451-d278-44ad-b3c0-2bd869abad99', '動機づけ（モチベーション）', NULL, NULL, NULL, NULL, 22, 1769533206, 1769533206),
('6a7e3f22-8139-41bf-aee1-848fb47b8c6d', '60d9e451-d278-44ad-b3c0-2bd869abad99', 'リーダーシップ', NULL, NULL, NULL, NULL, 23, 1769533206, 1769533206),
('decd2637-322b-4005-999e-5d3c33174cc4', '60d9e451-d278-44ad-b3c0-2bd869abad99', 'キャリア設計とキャリア開発', NULL, NULL, NULL, NULL, 24, 1769533206, 1769533206),
('f465bff9-1c39-4a34-ad90-e1c33349a784', '60d9e451-d278-44ad-b3c0-2bd869abad99', 'ダイバーシティ経営', NULL, NULL, NULL, NULL, 25, 1769533206, 1769533206),
('85105d04-6a27-4dc3-93b3-13ece37c0f77', 'f5bda231-eee0-4916-8c27-d814ce0c646f', '内部統制と外部統制', NULL, NULL, NULL, NULL, 26, 1769533206, 1769533206),
('021e830a-68dc-45da-8db5-dea047bb6d27', 'f5bda231-eee0-4916-8c27-d814ce0c646f', 'コーポレート・ガバナンス（企業統治）', NULL, NULL, NULL, NULL, 27, 1769533206, 1769533206),
('712fcea5-479a-49f7-8215-70e5651c17b9', 'f5bda231-eee0-4916-8c27-d814ce0c646f', '情報開示とIR（インベスター・リレーションズ）', NULL, NULL, NULL, NULL, 28, 1769533206, 1769533206),
('65f90c9d-b74c-4f04-af99-0f326118e9d3', 'f5bda231-eee0-4916-8c27-d814ce0c646f', '企業倫理', NULL, NULL, NULL, NULL, 29, 1769533206, 1769533206),
('fc762e54-535c-48b9-b4a1-4ae88462ab6a', '9e775ad9-9ff8-48aa-9e76-798e6f328fac', '株式の発行とIPO', NULL, NULL, NULL, NULL, 30, 1769533206, 1769533206),
('ece01cf0-e46c-4d3c-b0a1-d51a7716a2a1', '9e775ad9-9ff8-48aa-9e76-798e6f328fac', '負債による資金調達', NULL, NULL, NULL, NULL, 31, 1769533206, 1769533206),
('cd30f628-46c8-4554-8b06-d92a5a5c777b', '9e775ad9-9ff8-48aa-9e76-798e6f328fac', '新株予約権の利用', NULL, NULL, NULL, NULL, 32, 1769533206, 1769533206),
('fe0f3ff6-69e0-4d37-94b9-0b01107f33f2', '197408a0-77b4-43ef-9020-72a0595f4293', '投資案の評価方法（NPV法、IRR法など）', NULL, NULL, NULL, NULL, 33, 1769533206, 1769533206),
('3b043004-70dc-4eb1-bdfe-4dcc18fa8f61', '197408a0-77b4-43ef-9020-72a0595f4293', '税制の影響（APV法など）', NULL, NULL, NULL, NULL, 34, 1769533206, 1769533206),
('18c16a8a-bcc4-42e2-8f65-72d96cfaaf39', '197408a0-77b4-43ef-9020-72a0595f4293', 'リアル・オプション', NULL, NULL, NULL, NULL, 35, 1769533206, 1769533206),
('779eab5c-a746-4a0f-a4d2-915449e00be0', '20b80347-e9a9-43e2-833b-56677d95433a', '源泉別資本コスト', NULL, NULL, NULL, NULL, 36, 1769533206, 1769533206),
('31738f10-0271-485d-884d-91f5c682aaaa', '20b80347-e9a9-43e2-833b-56677d95433a', '加重平均資本コスト（WACC）', NULL, NULL, NULL, NULL, 37, 1769533206, 1769533206),
('d6592dd2-41e5-4569-be08-39c3d5e121c1', '20b80347-e9a9-43e2-833b-56677d95433a', '税制の影響', NULL, NULL, NULL, NULL, 38, 1769533206, 1769533206),
('65914314-9689-414a-9e99-71c081c23158', '4aa80114-39b7-4d84-babd-c05a15ff59ea', 'レバレッジ効果と財務リスク', NULL, NULL, NULL, NULL, 39, 1769533206, 1769533206),
('15546bb6-4a30-42b6-a413-613fd3b31622', '4aa80114-39b7-4d84-babd-c05a15ff59ea', '資本構成と企業価値－MM理論', NULL, NULL, NULL, NULL, 40, 1769533206, 1769533206),
('bea47e3c-7793-45ba-a0f0-6bda77036e17', '4aa80114-39b7-4d84-babd-c05a15ff59ea', '資本構成に影響する要因', NULL, NULL, NULL, NULL, 41, 1769533206, 1769533206),
('a5850b48-43d9-42c0-98b7-7da822e92ff7', '4aa80114-39b7-4d84-babd-c05a15ff59ea', 'エージェンシー理論', NULL, NULL, NULL, NULL, 42, 1769533206, 1769533206),
('d4810521-c22a-43bf-b442-65c7b5690a11', 'be40a03a-10d0-44fa-bbc6-bb11ff873686', 'ペイアウトと企業価値－MM理論', NULL, NULL, NULL, NULL, 43, 1769533206, 1769533206),
('fc0a4ba1-0a39-465d-b99e-b4d8e45b10a9', 'be40a03a-10d0-44fa-bbc6-bb11ff873686', '市場の不完全性とペイアウト政策', NULL, NULL, NULL, NULL, 44, 1769533206, 1769533206),
('2acd6bcb-a9c4-44e9-8590-15b37f3be5ba', '55f30d44-d6c1-4465-892f-89e01ba6fbc1', '流動資産管理', NULL, NULL, NULL, NULL, 45, 1769533206, 1769533206),
('5d8c6f31-05e2-4b42-b75d-e5053b9fb63d', '55f30d44-d6c1-4465-892f-89e01ba6fbc1', '流動負債管理', NULL, NULL, NULL, NULL, 46, 1769533206, 1769533206),
('351b6f76-75ea-4974-af43-bbd35385d8d0', '410cc743-d087-4eba-a971-8be0ce552469', 'フリー・キャッシュ・フロー', NULL, NULL, NULL, NULL, 47, 1769533206, 1769533206),
('a12dbf65-6165-44bf-a1af-0d70fcf8ed1a', '410cc743-d087-4eba-a971-8be0ce552469', '企業価値評価', NULL, NULL, NULL, NULL, 48, 1769533206, 1769533206),
('e4428812-69de-4319-a063-016acb8f6693', '410cc743-d087-4eba-a971-8be0ce552469', '財務分析', NULL, NULL, NULL, NULL, 49, 1769533206, 1769533206),
('0ea4c610-4bd9-48a4-9842-248a48ba121a', '67acabca-af69-4b34-84d4-f78bbfd79daf', '普通株式の評価と投資尺度', NULL, NULL, NULL, NULL, 50, 1769533206, 1769533206),
('89752203-2fb0-4cc1-b9f1-e337bc97c8a3', '67acabca-af69-4b34-84d4-f78bbfd79daf', '債券の評価・利回り', NULL, NULL, NULL, NULL, 51, 1769533206, 1769533206),
('5beb4588-6c52-47ca-9a93-7484d11626f6', '67acabca-af69-4b34-84d4-f78bbfd79daf', 'ポートフォリオ理論', NULL, NULL, NULL, NULL, 52, 1769533206, 1769533206),
('1f7e5c45-575c-4c51-9794-2f5ca18e2509', '67acabca-af69-4b34-84d4-f78bbfd79daf', '資本資産評価モデル（CAPM）', NULL, NULL, NULL, NULL, 53, 1769533206, 1769533206),
('04948afe-c063-4286-bf02-082c1b89a9bf', '67acabca-af69-4b34-84d4-f78bbfd79daf', 'マルチファクター・モデル', NULL, NULL, NULL, NULL, 54, 1769533206, 1769533206),
('3534eb91-0922-417b-b96f-f268f9a85b88', '67acabca-af69-4b34-84d4-f78bbfd79daf', '効率的市場とアノマリー', NULL, NULL, NULL, NULL, 55, 1769533206, 1769533206);

INSERT INTO topics (id, category_id, name, description, difficulty, topic_type, ai_system_prompt, display_order, created_at, updated_at) VALUES
('1172c970-6a5a-4e19-abad-30b51a36a4ef', 'c537cfb7-cc8b-4186-8311-c118ef72a3a2', '先渡しと先物', NULL, NULL, NULL, NULL, 56, 1769533206, 1769533206),
('500fc5d3-8c77-49c2-b394-818279364535', 'c537cfb7-cc8b-4186-8311-c118ef72a3a2', 'オプション', NULL, NULL, NULL, NULL, 57, 1769533206, 1769533206),
('5fe89ea5-f768-4ff2-a36b-9175da8b409c', 'c537cfb7-cc8b-4186-8311-c118ef72a3a2', 'スワップ', NULL, NULL, NULL, NULL, 58, 1769533206, 1769533206),
('9e3234b3-0bef-441c-af38-3b7341177e83', 'c537cfb7-cc8b-4186-8311-c118ef72a3a2', 'リスク評価と管理手法', NULL, NULL, NULL, NULL, 59, 1769533206, 1769533206),
('79d6ff10-44d0-49f1-822a-b2715ba2bd3e', '88ef9587-a270-4eea-9b5d-865d4b4331b6', '需要曲線と供給曲線', NULL, NULL, NULL, NULL, 0, 1769533206, 1769533206),
('b08bf33a-ef66-4160-a47e-9e776d7f26f9', '88ef9587-a270-4eea-9b5d-865d4b4331b6', '市場均衡', NULL, NULL, NULL, NULL, 1, 1769533206, 1769533206),
('e91b9d1a-0943-467c-ae14-39e84babf383', '88ef9587-a270-4eea-9b5d-865d4b4331b6', '比較静学', NULL, NULL, NULL, NULL, 2, 1769533206, 1769533206),
('1ee9f450-8a5c-4821-92ca-93a6c026927b', '88ef9587-a270-4eea-9b5d-865d4b4331b6', '均衡の安定性', NULL, NULL, NULL, NULL, 3, 1769533206, 1769533206),
('743f4d35-ba94-4f2c-82a7-6a503e9da505', 'f44a5ace-4cbf-4d7b-b412-b020b0d6d95e', '無差別曲線', NULL, NULL, NULL, NULL, 4, 1769533206, 1769533206),
('a8671d81-a522-4e38-af7f-a707cfb96c05', 'f44a5ace-4cbf-4d7b-b412-b020b0d6d95e', '限界代替率', NULL, NULL, NULL, NULL, 5, 1769533206, 1769533206),
('06b4c80f-90b2-4039-8980-a6d1a68895ba', 'f44a5ace-4cbf-4d7b-b412-b020b0d6d95e', '代替財・補完財', NULL, NULL, NULL, NULL, 6, 1769533206, 1769533206),
('3f472b3f-7b6b-4f79-a49b-1372167cf10b', 'f44a5ace-4cbf-4d7b-b412-b020b0d6d95e', '効用最大化', NULL, NULL, NULL, NULL, 7, 1769533206, 1769533206),
('e748f910-5556-43dc-b9c6-25d26b143188', 'f44a5ace-4cbf-4d7b-b412-b020b0d6d95e', '上級財・下級財', NULL, NULL, NULL, NULL, 8, 1769533206, 1769533206),
('deca8262-651f-4849-9a8b-8ceea658d93a', 'f44a5ace-4cbf-4d7b-b412-b020b0d6d95e', '奢侈品・必需品', NULL, NULL, NULL, NULL, 9, 1769533206, 1769533206),
('8b45fe19-6589-4ae1-9bb8-b295d1efd780', 'f44a5ace-4cbf-4d7b-b412-b020b0d6d95e', '価格・所得弾力性', NULL, NULL, NULL, NULL, 10, 1769533206, 1769533206),
('0e8efe98-cce5-476a-a57f-87debfd5df6a', 'f44a5ace-4cbf-4d7b-b412-b020b0d6d95e', '所得効果と代替効果', NULL, NULL, NULL, NULL, 11, 1769533206, 1769533206),
('80f40609-38ba-41af-a65e-2a599216fdbe', '8380fe92-f1af-486d-943a-3210762ec66b', '限界費用', NULL, NULL, NULL, NULL, 12, 1769533206, 1769533206),
('57b8986b-2e87-40e4-8a03-6e45077228ed', '8380fe92-f1af-486d-943a-3210762ec66b', '平均費用', NULL, NULL, NULL, NULL, 13, 1769533206, 1769533206),
('ed154bd7-5682-4715-ad8d-21d55485f223', '8380fe92-f1af-486d-943a-3210762ec66b', '利潤最大化', NULL, NULL, NULL, NULL, 14, 1769533206, 1769533206),
('da8c792a-f05a-4952-a562-c6a5a6f2a657', '8380fe92-f1af-486d-943a-3210762ec66b', '損益分岐点・操業停止点', NULL, NULL, NULL, NULL, 15, 1769533206, 1769533206),
('e6920cf7-f920-4640-9dbf-6a718dbbb4e8', '8380fe92-f1af-486d-943a-3210762ec66b', '限界生産物・平均生産物', NULL, NULL, NULL, NULL, 16, 1769533206, 1769533206),
('4e8ab4ee-03e8-43b8-b05e-259fa78eb1c3', '8380fe92-f1af-486d-943a-3210762ec66b', '生産要素の需要', NULL, NULL, NULL, NULL, 17, 1769533206, 1769533206),
('a41395ca-2ad9-4a0e-b023-fa6dd1c3693d', 'e2578d82-e783-4526-b06b-386ea40a1e5e', '短期と長期の費用曲線', NULL, NULL, NULL, NULL, 18, 1769533206, 1769533206),
('1ea34d98-61a2-4d51-b4dd-dea99feccc6b', 'e2578d82-e783-4526-b06b-386ea40a1e5e', '規模に関する収穫', NULL, NULL, NULL, NULL, 19, 1769533206, 1769533206),
('fe59d7d9-f25a-46d7-830c-818ce0ff2bee', 'e2578d82-e783-4526-b06b-386ea40a1e5e', '産業の長期均衡', NULL, NULL, NULL, NULL, 20, 1769533206, 1769533206),
('bae3ee8d-5893-4901-97f7-a8627b677367', 'e2578d82-e783-4526-b06b-386ea40a1e5e', '費用一定産業', NULL, NULL, NULL, NULL, 21, 1769533206, 1769533206),
('bf9d6653-99e7-4203-bdc6-405c07e6a03e', 'e2578d82-e783-4526-b06b-386ea40a1e5e', '費用逓減産業', NULL, NULL, NULL, NULL, 22, 1769533206, 1769533206),
('acd8eef6-585a-4c21-a225-9063078f7436', 'e2578d82-e783-4526-b06b-386ea40a1e5e', '費用逓増産業', NULL, NULL, NULL, NULL, 23, 1769533206, 1769533206),
('342346b2-e514-461b-9108-6d6cdda8ab49', 'c8db5ed3-aa38-4819-be4c-4bac74ee0c86', '完全競争の条件', NULL, NULL, NULL, NULL, 24, 1769533206, 1769533206),
('ceb0c807-a574-4961-b929-3138b2533505', 'c8db5ed3-aa38-4819-be4c-4bac74ee0c86', '一般均衡モデル', NULL, NULL, NULL, NULL, 25, 1769533206, 1769533206),
('f96b0578-7c73-4a4d-a5fc-3fbcc7120798', '16534dac-99df-4db6-ab5b-30533c010f2a', '消費者余剰と生産者余剰', NULL, NULL, NULL, NULL, 26, 1769533206, 1769533206),
('425536be-c860-49d4-8f13-3c98e67b06e7', '16534dac-99df-4db6-ab5b-30533c010f2a', '課税の効果', NULL, NULL, NULL, NULL, 27, 1769533206, 1769533206),
('1eeb9635-bb87-4c51-8f73-57b3c1e9f8f5', '16534dac-99df-4db6-ab5b-30533c010f2a', 'パレート効率性', NULL, NULL, NULL, NULL, 28, 1769533206, 1769533206),
('b750f495-8e71-4b3c-855d-2fe308fbe8c2', '16534dac-99df-4db6-ab5b-30533c010f2a', '厚生経済学の基本定理', NULL, NULL, NULL, NULL, 29, 1769533206, 1769533206),
('f1e5e240-edff-49e1-b252-b5d611b83601', 'ec8ece1f-8c71-4b4f-be58-9a88f94d3186', '市場構造の分類', NULL, NULL, NULL, NULL, 30, 1769533206, 1769533206),
('bedca779-9303-4002-a337-146cfb6b5446', 'ec8ece1f-8c71-4b4f-be58-9a88f94d3186', '独占企業の利潤最大化', NULL, NULL, NULL, NULL, 31, 1769533206, 1769533206),
('aaf2104f-6953-42bc-96cc-f6664ddc18b5', 'ec8ece1f-8c71-4b4f-be58-9a88f94d3186', '独占度', NULL, NULL, NULL, NULL, 32, 1769533206, 1769533206),
('04953f2f-69cf-4050-bae6-b08d8b2bdf41', 'ec8ece1f-8c71-4b4f-be58-9a88f94d3186', '複占モデル', NULL, NULL, NULL, NULL, 33, 1769533206, 1769533206),
('1a5fa2ee-9f67-4550-94ad-eeb499bcd175', 'ec8ece1f-8c71-4b4f-be58-9a88f94d3186', '独占的競争', NULL, NULL, NULL, NULL, 34, 1769533206, 1769533206),
('0bd56448-512f-4b27-aa1e-de7976d23b7e', 'c3ed2621-e0c6-4ab6-9161-b1eb219501fa', '外部経済・不経済', NULL, NULL, NULL, NULL, 35, 1769533206, 1769533206),
('71052af6-eecb-4d45-a328-34c19026327f', 'c3ed2621-e0c6-4ab6-9161-b1eb219501fa', '公共財', NULL, NULL, NULL, NULL, 36, 1769533206, 1769533206),
('b91020ff-c7dc-4282-8018-c1eddf7171d5', '68d44774-790a-44c2-9ac7-3422fae8f78c', '比較優位', NULL, NULL, NULL, NULL, 37, 1769533206, 1769533206),
('d3e74e7e-b519-4fc0-bec4-8411f9d4a8a4', '68d44774-790a-44c2-9ac7-3422fae8f78c', '貿易の利益', NULL, NULL, NULL, NULL, 38, 1769533206, 1769533206),
('e505a27e-8938-45e3-9a88-22f43a198e48', '68d44774-790a-44c2-9ac7-3422fae8f78c', 'ヘクシャー・オリーン・モデル', NULL, NULL, NULL, NULL, 39, 1769533206, 1769533206),
('727992cc-8892-4b31-9e77-47008bc99077', 'd50601f1-9c0a-47d4-b831-c0cf9431af13', 'GDP統計', NULL, NULL, NULL, NULL, 40, 1769533206, 1769533206),
('008083eb-b2c7-4dff-9bed-c67e965b9f7d', 'd50601f1-9c0a-47d4-b831-c0cf9431af13', '三面等価の原則', NULL, NULL, NULL, NULL, 41, 1769533206, 1769533206),
('96181fd6-4d6c-4bf5-a261-8c48f75b97fd', 'd50601f1-9c0a-47d4-b831-c0cf9431af13', '名目値と実質値', NULL, NULL, NULL, NULL, 42, 1769533206, 1769533206),
('6fb86c44-f643-41f7-bdbe-cc4ffb927313', 'd50601f1-9c0a-47d4-b831-c0cf9431af13', '物価指数', NULL, NULL, NULL, NULL, 43, 1769533206, 1769533206),
('ad453cb9-5da3-4a64-82b5-e93242116406', '89d43df0-2a64-4be4-a724-3306858aa6fa', '有効需要の原理', NULL, NULL, NULL, NULL, 44, 1769533206, 1769533206),
('4907cc22-8df6-4d17-bd4b-eaa76405d947', '89d43df0-2a64-4be4-a724-3306858aa6fa', '45度線モデル', NULL, NULL, NULL, NULL, 45, 1769533206, 1769533206);

INSERT INTO topics (id, category_id, name, description, difficulty, topic_type, ai_system_prompt, display_order, created_at, updated_at) VALUES
('29a9e05c-b94b-4004-a30e-ee483566bf2a', '89d43df0-2a64-4be4-a724-3306858aa6fa', '政府支出乗数', NULL, NULL, NULL, NULL, 46, 1769533206, 1769533206),
('c008b3a4-0c82-42e4-85c2-555199c32661', '89d43df0-2a64-4be4-a724-3306858aa6fa', '租税乗数', NULL, NULL, NULL, NULL, 47, 1769533206, 1769533206),
('f70994c7-e4de-4d1b-9823-a8933e53f651', '89d43df0-2a64-4be4-a724-3306858aa6fa', '均衡予算乗数の定理', NULL, NULL, NULL, NULL, 48, 1769533206, 1769533206),
('9238cba3-d90a-44b4-aff0-3e778f03e4df', '89d43df0-2a64-4be4-a724-3306858aa6fa', 'インフレギャップ・デフレギャップ', NULL, NULL, NULL, NULL, 49, 1769533206, 1769533206),
('9f696a89-0da8-4fd5-b984-10ad39b27696', '1ef48c8d-e62e-4618-affc-d7c41d37df5b', '限界消費性向と平均消費性向', NULL, NULL, NULL, NULL, 50, 1769533206, 1769533206),
('350a727b-aa98-4a09-9530-630f752243d4', '1ef48c8d-e62e-4618-affc-d7c41d37df5b', 'ケインズ型消費関数', NULL, NULL, NULL, NULL, 51, 1769533206, 1769533206),
('3f883358-a56a-4e3a-8ac4-d93931790f16', '1ef48c8d-e62e-4618-affc-d7c41d37df5b', '恒常所得仮説', NULL, NULL, NULL, NULL, 52, 1769533206, 1769533206),
('a68e80d5-5f5e-4d76-a2d8-92b6f5343a9c', '1ef48c8d-e62e-4618-affc-d7c41d37df5b', 'ライフサイクル仮説', NULL, NULL, NULL, NULL, 53, 1769533206, 1769533206),
('5a23cec9-25ab-432e-a61f-ca384a6c4921', '1ef48c8d-e62e-4618-affc-d7c41d37df5b', '流動性制約', NULL, NULL, NULL, NULL, 54, 1769533206, 1769533206),
('41e85cee-6a53-4888-89d2-fa2a8ce6b57c', '1ef48c8d-e62e-4618-affc-d7c41d37df5b', '遺産動機', NULL, NULL, NULL, NULL, 55, 1769533206, 1769533206),
('f527f157-60fc-4eea-8f5c-5e8193e61c5a', '9ea9dbbd-86e1-457e-a070-407b7fbfc934', '貨幣の概念', NULL, NULL, NULL, NULL, 56, 1769533206, 1769533206),
('49208b92-7566-44b5-b159-e4ca9d3caae2', '9ea9dbbd-86e1-457e-a070-407b7fbfc934', '貨幣数量説', NULL, NULL, NULL, NULL, 57, 1769533206, 1769533206),
('6cce2ec2-6b1f-4d4c-9bda-8018916c684e', '9ea9dbbd-86e1-457e-a070-407b7fbfc934', '流動性選好理論', NULL, NULL, NULL, NULL, 58, 1769533206, 1769533206),
('aeda1d76-20dc-4646-890d-3fbf79445938', '9ea9dbbd-86e1-457e-a070-407b7fbfc934', 'マネーストック', NULL, NULL, NULL, NULL, 59, 1769533206, 1769533206),
('c26e465d-0756-4815-aff0-fbe6bd6de21d', '9ea9dbbd-86e1-457e-a070-407b7fbfc934', 'マネタリーベース', NULL, NULL, NULL, NULL, 60, 1769533206, 1769533206),
('b3200604-72f1-4881-af12-2ad7c9abd8fd', '9ea9dbbd-86e1-457e-a070-407b7fbfc934', '金融政策の手段', NULL, NULL, NULL, NULL, 61, 1769533206, 1769533206),
('70dc810f-5878-4c0c-bff6-4286392cf2a7', 'ad43a310-26d6-4476-b780-2f5c8fa7ac2e', '資本の限界効率', NULL, NULL, NULL, NULL, 62, 1769533206, 1769533206),
('d17f9b85-71b0-43b4-a4f1-e7d76344c308', 'ad43a310-26d6-4476-b780-2f5c8fa7ac2e', '資本の使用者費用', NULL, NULL, NULL, NULL, 63, 1769533206, 1769533206),
('13c0e68d-84dd-4089-9ae7-895ff42d6c7e', 'ad43a310-26d6-4476-b780-2f5c8fa7ac2e', '資本ストック調整原理', NULL, NULL, NULL, NULL, 64, 1769533206, 1769533206),
('c7506b6d-236a-4779-8197-450774b6010f', 'ad43a310-26d6-4476-b780-2f5c8fa7ac2e', 'トービンのQ', NULL, NULL, NULL, NULL, 65, 1769533206, 1769533206),
('60c1c6bd-2ba5-46fc-98ef-e4337f144cdd', 'ad43a310-26d6-4476-b780-2f5c8fa7ac2e', '流動性制約と投資', NULL, NULL, NULL, NULL, 66, 1769533206, 1769533206),
('c8250e82-6ba0-4851-ace4-074912bedd23', '2bb90f77-0d10-4878-a025-127e02b07b52', 'IS-LMモデル', NULL, NULL, NULL, NULL, 67, 1769533206, 1769533206),
('7e7af446-737b-4c2e-8461-39b1b4317a14', '2bb90f77-0d10-4878-a025-127e02b07b52', '国民所得と利子率の決定', NULL, NULL, NULL, NULL, 68, 1769533206, 1769533206),
('364f0e9a-41af-4141-a18d-65aec9f2e777', '2bb90f77-0d10-4878-a025-127e02b07b52', '財政政策の効果', NULL, NULL, NULL, NULL, 69, 1769533206, 1769533206),
('e7d3ec06-9173-4abd-85dc-32fe8b28cdb1', '2bb90f77-0d10-4878-a025-127e02b07b52', 'クラウディング・アウト', NULL, NULL, NULL, NULL, 70, 1769533206, 1769533206),
('2b8bc143-d481-4daf-aaf6-fe06d0f4c1ab', '2bb90f77-0d10-4878-a025-127e02b07b52', '金融政策の効果', NULL, NULL, NULL, NULL, 71, 1769533206, 1769533206),
('b7364fc1-4b1c-4af8-883c-5121ccd1e1e9', '2bb90f77-0d10-4878-a025-127e02b07b52', '流動性のワナ', NULL, NULL, NULL, NULL, 72, 1769533206, 1769533206),
('ad03fbce-d264-4d8f-a5cb-6840f9810bc4', '1f43ed06-28f7-40e4-a51d-d072835a81fb', '名目賃金の硬直性', NULL, NULL, NULL, NULL, 73, 1769533206, 1769533206),
('b2e5e275-ad5c-4eb1-a128-2b5aa6c70f68', '1f43ed06-28f7-40e4-a51d-d072835a81fb', '非自発的失業', NULL, NULL, NULL, NULL, 74, 1769533206, 1769533206),
('5bca5b62-9d5e-4a33-a305-9edbd40a7973', '1f43ed06-28f7-40e4-a51d-d072835a81fb', '古典派の雇用理論', NULL, NULL, NULL, NULL, 75, 1769533206, 1769533206),
('ce44a9bc-bd1b-4be7-885f-394d09d4a71d', '1f43ed06-28f7-40e4-a51d-d072835a81fb', '摩擦的失業', NULL, NULL, NULL, NULL, 76, 1769533206, 1769533206),
('23ba0a9e-5140-4e70-af12-0804d9981566', '5a38d642-ca40-40f4-b0df-23749e30ca67', '総需要曲線', NULL, NULL, NULL, NULL, 77, 1769533206, 1769533206),
('a2f91d0e-150d-4e34-a185-165221c466ba', '5a38d642-ca40-40f4-b0df-23749e30ca67', '総供給曲線', NULL, NULL, NULL, NULL, 78, 1769533206, 1769533206),
('fc89bf6c-4b05-4873-a5f3-484ffe0506d3', '5a38d642-ca40-40f4-b0df-23749e30ca67', '物価水準の決定', NULL, NULL, NULL, NULL, 79, 1769533206, 1769533206),
('53301b81-7fdf-426a-8d68-676a9d971d09', '5a38d642-ca40-40f4-b0df-23749e30ca67', '景気循環の考え方', NULL, NULL, NULL, NULL, 80, 1769533206, 1769533206),
('273b222d-a83d-42e1-b30a-c11afe304a5f', '5a38d642-ca40-40f4-b0df-23749e30ca67', 'フィリップス曲線', NULL, NULL, NULL, NULL, 81, 1769533206, 1769533206),
('c9bcb450-528b-4ba0-9f9f-a87a860a4e7b', '605857ba-5ea2-4290-a807-fbd7842da418', '均衡成長の条件', NULL, NULL, NULL, NULL, 82, 1769533206, 1769533206),
('b687039c-a226-41e5-ad44-45e5f1007d8c', '605857ba-5ea2-4290-a807-fbd7842da418', '新古典派経済成長モデル', NULL, NULL, NULL, NULL, 83, 1769533206, 1769533206),
('9a94a6e4-6be9-4f96-8893-1d5c690a271c', '605857ba-5ea2-4290-a807-fbd7842da418', '技術進歩', NULL, NULL, NULL, NULL, 84, 1769533206, 1769533206),
('58deb7f5-6041-432d-9a64-acc96dbbfb0c', '605857ba-5ea2-4290-a807-fbd7842da418', '成長会計', NULL, NULL, NULL, NULL, 85, 1769533206, 1769533206),
('c769fea4-7dd4-42a4-ab6b-1e0bc8e57cff', 'd60fe131-16a7-4feb-a09e-03bcf0a6a411', '国際収支', NULL, NULL, NULL, NULL, 86, 1769533206, 1769533206),
('708563a3-f4f0-470f-b768-80436ee40a08', 'd60fe131-16a7-4feb-a09e-03bcf0a6a411', '為替レート', NULL, NULL, NULL, NULL, 87, 1769533206, 1769533206),
('b0709f7d-a481-420e-86ad-7ea47b8ca877', 'd60fe131-16a7-4feb-a09e-03bcf0a6a411', 'マンデル・フレミング・モデル', NULL, NULL, NULL, NULL, 88, 1769533206, 1769533206),
('3f37b319-cd44-47a9-b100-73354fed5c8c', '03f8b1d8-dd91-4fe3-a2d5-31de646aef42', '財務会計の意義', NULL, NULL, NULL, NULL, 0, 1769533206, 1769533206),
('b82beba5-630f-49a4-a387-924ae40300a0', 'e69b54a9-f436-4157-b343-bb508f886266', '情報提供機能', NULL, NULL, NULL, NULL, 1, 1769533206, 1769533206),
('b35ec971-ade1-441d-a30f-dde6b69cb34f', 'e69b54a9-f436-4157-b343-bb508f886266', '利害調整機能', NULL, NULL, NULL, NULL, 2, 1769533206, 1769533206),
('e0aac78d-6d5a-4fd3-a9f8-d33ea16031b5', 'cbea645d-6471-436f-9cfa-4a7bc0156b00', '企業実体の公準', NULL, NULL, NULL, NULL, 3, 1769533206, 1769533206),
('6492481b-bdb4-4062-af6c-760980ba838f', 'cbea645d-6471-436f-9cfa-4a7bc0156b00', '会計期間の公準', NULL, NULL, NULL, NULL, 4, 1769533206, 1769533206),
('970acffd-ba55-465e-a650-99aa18d48122', 'cbea645d-6471-436f-9cfa-4a7bc0156b00', '貨幣的測定の公準', NULL, NULL, NULL, NULL, 5, 1769533206, 1769533206),
('2c62245c-df2a-4a2b-a01f-dcdac6362a6f', '4bf37427-65c1-4d91-a4f6-0192f10af76b', '資本主理論', NULL, NULL, NULL, NULL, 6, 1769533206, 1769533206);

INSERT INTO topics (id, category_id, name, description, difficulty, topic_type, ai_system_prompt, display_order, created_at, updated_at) VALUES
('a45e0087-c271-4f8a-a896-fd892ffd3c82', '4bf37427-65c1-4d91-a4f6-0192f10af76b', '企業実体理論', NULL, NULL, NULL, NULL, 7, 1769533206, 1769533206),
('07c59d00-7230-47c9-9d36-88d9a2844806', '430e922e-2b29-4ac0-985d-2e3b0a8a322d', '現金主義会計', NULL, NULL, NULL, NULL, 8, 1769533206, 1769533206),
('73dc24bc-404f-4264-8a85-383aead9c571', '430e922e-2b29-4ac0-985d-2e3b0a8a322d', '発生主義会計', NULL, NULL, NULL, NULL, 9, 1769533206, 1769533206),
('66f2c6d8-026b-48bd-adc9-c2434d590ea3', '430e922e-2b29-4ac0-985d-2e3b0a8a322d', '財産法', NULL, NULL, NULL, NULL, 10, 1769533206, 1769533206),
('a4e13666-8fbd-4198-89cb-65c00f587dc2', '430e922e-2b29-4ac0-985d-2e3b0a8a322d', '損益法', NULL, NULL, NULL, NULL, 11, 1769533206, 1769533206),
('d266256f-4c4e-4636-8ee1-cbe6cf556191', '430e922e-2b29-4ac0-985d-2e3b0a8a322d', '資産負債アプローチ', NULL, NULL, NULL, NULL, 12, 1769533206, 1769533206),
('f463fb46-8682-4b1d-ba52-cd2a966c08dd', '430e922e-2b29-4ac0-985d-2e3b0a8a322d', '収益費用アプローチ', NULL, NULL, NULL, NULL, 13, 1769533206, 1769533206),
('e76059ff-7ef9-4d86-8e61-4c455b5e8a7d', '430e922e-2b29-4ac0-985d-2e3b0a8a322d', '当期業績主義', NULL, NULL, NULL, NULL, 14, 1769533206, 1769533206),
('2358854b-7958-4ab6-93bb-89fe6d4a0bec', '430e922e-2b29-4ac0-985d-2e3b0a8a322d', '包括主義', NULL, NULL, NULL, NULL, 15, 1769533206, 1769533206),
('4af2a77c-becb-4b4a-bc44-0196599a40e2', '430e922e-2b29-4ac0-985d-2e3b0a8a322d', '純利益', NULL, NULL, NULL, NULL, 16, 1769533206, 1769533206),
('8b5f003d-1f8d-46ce-8563-7c2e01e78552', '430e922e-2b29-4ac0-985d-2e3b0a8a322d', '包括利益', NULL, NULL, NULL, NULL, 17, 1769533206, 1769533206),
('d699363a-1fb4-41af-837d-8a0d29afbcd5', '430e922e-2b29-4ac0-985d-2e3b0a8a322d', '資本維持論', NULL, NULL, NULL, NULL, 18, 1769533206, 1769533206),
('ddb53472-9565-465f-b80d-0ad9679f477a', '430e922e-2b29-4ac0-985d-2e3b0a8a322d', '資産評価と利益計算', NULL, NULL, NULL, NULL, 19, 1769533206, 1769533206),
('a5004bb4-3475-4b19-8f27-1cd97419b0b9', '430e922e-2b29-4ac0-985d-2e3b0a8a322d', '実現主義', NULL, NULL, NULL, NULL, 20, 1769533206, 1769533206),
('23640a3a-c97f-40b9-97a7-06475a4f8567', '430e922e-2b29-4ac0-985d-2e3b0a8a322d', '費用収益の対応', NULL, NULL, NULL, NULL, 21, 1769533206, 1769533206),
('4ac3927e-2362-4d70-80fe-81a88da0d4e9', '43209a62-1ef8-449c-8b70-4c986311efa8', '財務報告の目的', NULL, NULL, NULL, NULL, 22, 1769533206, 1769533206),
('1fb1960a-f19b-431e-a5a0-5a80b9eaedcc', '43209a62-1ef8-449c-8b70-4c986311efa8', '会計情報の質的特性', NULL, NULL, NULL, NULL, 23, 1769533206, 1769533206),
('8f23f0d3-d44c-49d0-a389-5a9c159b8526', '43209a62-1ef8-449c-8b70-4c986311efa8', '財務諸表の構成要素', NULL, NULL, NULL, NULL, 24, 1769533206, 1769533206),
('b656208f-77d5-4994-ba13-629fe357c89c', '43209a62-1ef8-449c-8b70-4c986311efa8', '認識と測定', NULL, NULL, NULL, NULL, 25, 1769533206, 1769533206),
('2333110d-fdde-4bdf-a606-19502696b3f6', '055109ce-2334-4317-98df-2212147b0c38', '取引と仕訳', NULL, NULL, NULL, NULL, 26, 1769533206, 1769533206),
('faab456d-af4d-4396-9866-8d75a5d589e8', 'e53da0a9-f78b-4df4-a75a-90ae6c372523', '勘定記入', NULL, NULL, NULL, NULL, 27, 1769533206, 1769533206),
('e17cefec-464e-4f41-9e24-d73a8c835742', 'bd23a9ad-84ec-4d98-ae7d-3a4646c55ee7', '帳簿組織', NULL, NULL, NULL, NULL, 28, 1769533206, 1769533206),
('97954005-b8e0-4e53-98dc-68d8a331c1fe', 'c2b8988f-1b1d-4c14-8c20-60c03c0f9fcd', '決算手続', NULL, NULL, NULL, NULL, 29, 1769533206, 1769533206),
('4059df6f-4aa2-40e5-bf26-dab28a8be3b5', '85571f59-92dc-407b-81fd-266e34e68dba', '本支店会計', NULL, NULL, NULL, NULL, 30, 1769533206, 1769533206),
('c5014af4-7fc6-45b1-80ab-4e702984fe9f', 'beb54bd6-95d7-4393-9af7-0c93997fe09d', '会社法会計', NULL, NULL, NULL, NULL, 31, 1769533206, 1769533206),
('02e2f231-1653-441a-bca8-432a7b74fa90', '12e509da-3952-4360-9129-196ad77d8b16', '金融商品取引法会計', NULL, NULL, NULL, NULL, 32, 1769533206, 1769533206),
('24c92d9c-62f3-4238-93fb-ca0f4787e0c6', 'b2560d5a-b67c-4069-8bfc-5da0d11d3b49', '企業会計原則', NULL, NULL, NULL, NULL, 33, 1769533206, 1769533206),
('058e6711-0b46-49b5-b698-6234559d168e', 'b2560d5a-b67c-4069-8bfc-5da0d11d3b49', '一般原則', NULL, NULL, NULL, NULL, 34, 1769533206, 1769533206),
('c593a5f4-40ab-4bc7-9dfc-cc62432d2de6', 'b2560d5a-b67c-4069-8bfc-5da0d11d3b49', '企業会計基準', NULL, NULL, NULL, NULL, 35, 1769533206, 1769533206),
('3f03c59a-8e75-4ccb-b7a8-ea8ee8561f63', 'b2560d5a-b67c-4069-8bfc-5da0d11d3b49', '国際的コンバージェンス', NULL, NULL, NULL, NULL, 36, 1769533206, 1769533206),
('c18f1a97-b13a-4710-be1e-e237fadc3ef5', 'b2560d5a-b67c-4069-8bfc-5da0d11d3b49', '指定国際会計基準', NULL, NULL, NULL, NULL, 37, 1769533206, 1769533206),
('3804f917-a3e5-4087-8eac-80031e97eb1f', 'b2560d5a-b67c-4069-8bfc-5da0d11d3b49', '修正国際基準の取扱い', NULL, NULL, NULL, NULL, 38, 1769533206, 1769533206),
('c8f9dc77-1ee5-410b-9384-137cc6dd6720', '51d502be-47fe-4983-9b82-0723160b74e7', '定義', NULL, NULL, NULL, NULL, 39, 1769533206, 1769533206),
('ba6d6939-a0d9-4d94-a9b5-bc138df97454', '51d502be-47fe-4983-9b82-0723160b74e7', '認識', NULL, NULL, NULL, NULL, 40, 1769533206, 1769533206),
('119f9bae-2fd8-4251-abda-c56d754511d3', '4b0a53f9-01c8-497a-b0e5-54c40cdc206e', '流動資産', NULL, NULL, NULL, NULL, 41, 1769533206, 1769533206),
('bce6158e-3aba-4a70-8ca4-84e0c0773867', '4b0a53f9-01c8-497a-b0e5-54c40cdc206e', '固定資産', NULL, NULL, NULL, NULL, 42, 1769533206, 1769533206),
('a3967b5b-94af-4668-9cd0-8c6337b11a23', '4b0a53f9-01c8-497a-b0e5-54c40cdc206e', '貨幣性資産', NULL, NULL, NULL, NULL, 43, 1769533206, 1769533206),
('b8f6147b-a3d2-4bc7-8b62-1b638456cd7d', '4b0a53f9-01c8-497a-b0e5-54c40cdc206e', '費用性資産', NULL, NULL, NULL, NULL, 44, 1769533206, 1769533206),
('28972d73-854c-4363-ba21-397a67169205', '4b0a53f9-01c8-497a-b0e5-54c40cdc206e', '金融資産', NULL, NULL, NULL, NULL, 45, 1769533206, 1769533206),
('8447768c-514a-481c-914c-7edf605d54ec', '4b0a53f9-01c8-497a-b0e5-54c40cdc206e', '事業資産', NULL, NULL, NULL, NULL, 46, 1769533206, 1769533206),
('f3b2c68b-3db4-4f07-87c3-eb420935dce6', '30755970-7fe1-4df0-8bb3-e9906fa3b036', '原価', NULL, NULL, NULL, NULL, 47, 1769533206, 1769533206),
('e4e8a581-80ec-4278-ac5b-85012ae397d2', '30755970-7fe1-4df0-8bb3-e9906fa3b036', '時価', NULL, NULL, NULL, NULL, 48, 1769533206, 1769533206),
('790a2c0b-8188-479a-b0aa-751aeb419d5e', '30755970-7fe1-4df0-8bb3-e9906fa3b036', '現在価値', NULL, NULL, NULL, NULL, 49, 1769533206, 1769533206),
('a13ae518-f060-49e1-94c5-148997ac8c91', 'd077381d-c912-43bf-b8f7-81a520bdd730', '費用配分の原理', NULL, NULL, NULL, NULL, 50, 1769533206, 1769533206);


